date,close,volume,change,changePercent,changeOverTime
2016-06-20,207.85,82789603,0.0,0.0,0.0
2016-06-21,208.44,72461663,0.5900000000000031,0.0028,0.0028385855184020004
2016-06-22,208.1,95560471,-0.340000000000003,-0.0016,0.0012027904738990001
2016-06-23,210.81,102731356,2.710000000000008,0.013000000000000001,0.014241039210969001
2016-06-24,203.13,333444397,-7.680000000000007,-0.0364,-0.022708684147221003
2016-06-27,199.6,248988660,-3.530000000000001,-0.017400000000000002,-0.039692085638681006
2016-06-28,203.1997,159382399,3.599700000000013,0.018000000000000002,-0.022373346163098003
2016-06-29,206.66,137328614,3.460299999999989,0.017,-0.005725282655761
2016-06-30,209.475,165021948,2.814999999999997,0.013600000000000001,0.007818138080346001
2016-07-01,209.9208,106055333,0.445800000000019,0.0021000000000000003,0.009962954053403
2016-07-05,208.41,109803713,-1.510800000000017,-0.007200000000000001,0.0026942506615340004
2016-07-06,209.66,96021491,1.25,0.006,0.008708203031032001
2016-07-07,209.526,85593827,-0.13399999999998602,-0.0006000000000000001,0.008063507337021
2016-07-08,212.65,133970972,3.1239999999999952,0.0149,0.023093577098869
2016-07-11,213.4,73633937,0.75,0.0035,0.026701948520567002
2016-07-12,214.95,101275629,1.549999999999983,0.0073,0.034159249458744004
2016-07-13,214.92,87324129,-0.030000000000001,-0.0001,0.034014914601876
2016-07-14,216.12,91230870,1.200000000000017,0.0056,0.039788308876593
2016-07-15,215.83,107155401,-0.28999999999999204,-0.0013000000000000002,0.038393071926870005
2016-07-18,216.4092,58725918,0.5791999999999861,0.0027,0.041179696896800004
2016-07-19,216.19,54345728,-0.2192,-0.001,0.040125090209285
2016-07-20,217.085,58159457,0.8950000000000101,0.0041,0.044431080105845004
2016-07-21,216.265,67777310,-0.820000000000021,-0.0038,0.040485927351455
2016-07-22,217.24,62787477,0.9750000000000221,0.0045000000000000005,0.045176810199663006
2016-07-25,216.65,55873147,-0.5900000000000031,-0.0027,0.04233822468126
2016-07-26,216.75,70080493,0.09999999999999401,0.0005,0.042819340870820004
2016-07-27,216.52,84083893,-0.22999999999998902,-0.0011,0.041712773634832
2016-07-28,216.77,65035718,0.25,0.0012000000000000001,0.042915564108732006
2016-07-29,217.12,79519436,0.34999999999999404,0.0016,0.044599470772191
2016-08-01,216.94,73311422,-0.18000000000000602,-0.0008,0.043733461630983
2016-08-02,215.5492,92295506,-1.390799999999984,-0.0064,0.037042097666586005
2016-08-03,216.18,53993626,0.630799999999993,0.0029000000000000002,0.040076978590329
2016-08-04,216.4097,46585528,0.229699999999979,0.0011,0.041182102477748006
2016-08-05,218.18,71892161,1.7703000000000202,0.0082,0.04969930238152501
2016-08-08,218.05,39906479,-0.129999999999995,-0.0006000000000000001,0.049073851335097
2016-08-09,218.18,51251728,0.129999999999995,0.0006000000000000001,0.04969930238152501
2016-08-10,217.64,57941092,-0.54000000000002,-0.0025,0.047101274957902006
2016-08-11,218.65,72504270,1.010000000000019,0.0046,0.05196054847245601
2016-08-12,218.46,61313544,-0.189999999999997,-0.0009000000000000001,0.051046427712292
2016-08-15,219.09,49813482,0.629999999999995,0.0029000000000000002,0.054077459706519004
2016-08-16,217.96,53213621,-1.129999999999995,-0.005200000000000001,0.048640846764493005
2016-08-17,218.37,75134339,0.40999999999999603,0.0019,0.050613423141688006
2016-08-18,218.86,52989266,0.49000000000000904,0.0022,0.052970892470531
2016-08-19,218.54,75443004,-0.32000000000002105,-0.0015,0.05143132066394
2016-08-22,218.53,61368766,-0.009999999999990001,0.0,0.051383209044984
2016-08-23,218.97,53399159,0.43999999999999706,0.002,0.053500120279047006
2016-08-24,217.85,71728949,-1.120000000000004,-0.0051,0.048111618955977
2016-08-25,217.7,69224776,-0.15000000000000502,-0.0007,0.047389944671638005
2016-08-26,217.29,122506348,-0.40999999999999603,-0.0019,0.045417368294443004
2016-08-29,218.3608,70502167,1.070800000000019,0.0049,0.050569160452249004
2016-08-30,218.0,58114543,-0.360800000000011,-0.0017000000000000001,0.048833293240317
2016-08-31,217.38,85269453,-0.6200000000000041,-0.0028,0.045850372865046
2016-09-01,217.39,97844207,0.009999999999990001,0.0,0.045898484484002
2016-09-02,218.37,79293856,0.9800000000000181,0.0045000000000000005,0.050613423141688006
2016-09-06,219.0308,56702089,0.6607999999999941,0.003,0.053792638922299005
2016-09-07,219.01,76554855,-0.020800000000008003,-0.0001,0.053692566754871
2016-09-08,218.51,74102880,-0.5,-0.0023,0.05128698580707201
2016-09-09,213.28,221589073,-5.22999999999999,-0.0239,0.026124609093096003
2016-09-12,216.34,168110913,3.060000000000002,0.0143,0.040846764493625
2016-09-13,213.23,182828839,-3.110000000000013,-0.014400000000000001,0.025884050998316
2016-09-14,213.15,134185491,-0.079999999999984,-0.0004,0.025499158046668
2016-09-15,215.28,145736123,2.129999999999995,0.01,0.035746932884291004
2016-09-16,213.37,155236354,-1.9099999999999961,-0.0089,0.026557613663699003
2016-09-19,213.41,80250490,0.039999999999992,0.0002,0.026750060139523003
2016-09-20,213.42,69665279,0.009999999999990001,0.0,0.026798171758479
2016-09-21,215.82,110284425,2.400000000000005,0.0112,0.038344960307914004
2016-09-22,217.18,76678713,1.360000000000013,0.0063,0.04488814048592701
2016-09-23,215.99,73630921,-1.189999999999997,-0.0055000000000000005,0.039162857830166
2016-09-26,214.24,89827305,-1.75,-0.0081,0.030743324512869003
2016-09-27,215.57,78494829,1.329999999999984,0.006200000000000001,0.037142169834014006
2016-09-28,216.64,87411015,1.069999999999993,0.005,0.042290113062304006
2016-09-29,214.68,128070615,-1.959999999999979,-0.009000000000000001,0.032860235746932004
2016-09-30,216.3,117202914,1.620000000000004,0.007500000000000001,0.040654318017801006
2016-10-03,215.78,83512057,-0.52000000000001,-0.0024000000000000002,0.03815251383209
2016-10-04,214.68,119948052,-1.099999999999994,-0.0051,0.032860235746932004
2016-10-05,215.63,72815963,0.9499999999999881,0.0044,0.037430839547750006
2016-10-06,215.78,62927376,0.15000000000000502,0.0007,0.03815251383209
2016-10-07,215.04,89788255,-0.7400000000000091,-0.0034000000000000002,0.034592254029348006
2016-10-10,216.16,51855023,1.120000000000004,0.005200000000000001,0.039980755352417005
2016-10-11,213.43,130367373,-2.729999999999989,-0.0126,0.026846283377435002
2016-10-12,213.71,73866117,0.280000000000001,0.0013000000000000002,0.028193408708203003
2016-10-13,213.01,101356960,-0.700000000000017,-0.0033,0.024825595381284003
2016-10-14,213.12,93346237,0.110000000000013,0.0005,0.0253548231898
2016-10-17,212.38,58275674,-0.7400000000000091,-0.0035,0.021794563387057
2016-10-18,213.71,76869656,1.330000000000012,0.0063,0.028193408708203003
2016-10-19,214.28,66519224,0.5699999999999931,0.0027,0.030935770988693004
2016-10-20,213.88,73639830,-0.400000000000005,-0.0019,0.029011306230454004
2016-10-21,213.98,89089092,0.09999999999999401,0.0005,0.029492422420014004
2016-10-24,214.89,60146592,0.909999999999996,0.0043,0.033870579745008005
2016-10-25,214.17,66542329,-0.7199999999999981,-0.0034000000000000002,0.030406543180177003
2016-10-26,213.74,75705478,-0.429999999999978,-0.002,0.028337743565071002
2016-10-27,213.17,77220213,-0.570000000000021,-0.0027,0.025595381284580002
2016-10-28,212.54,140623183,-0.629999999999995,-0.003,0.022564349290353003
2016-10-31,212.55,61272507,0.010000000000019,0.0,0.022612460909309
2016-11-01,211.01,122781818,-1.54000000000002,-0.007200000000000001,0.015203271590088002
2016-11-02,209.74,103330806,-1.269999999999981,-0.006,0.009093095982679001
2016-11-03,208.78,88939346,-0.9600000000000081,-0.0046,0.004474380562905
2016-11-04,208.55,109122059,-0.22999999999998902,-0.0011,0.0033678133269180004
2016-11-07,213.15,109794861,4.599999999999994,0.0221,0.025499158046668
2016-11-08,214.11,106772138,0.9600000000000081,0.0045000000000000005,0.030117873466442003
2016-11-09,216.3792,258428972,2.269199999999983,0.0106,0.041035362039932
2016-11-10,216.92,172113313,0.5407999999999901,0.0025,0.043637238393071
2016-11-11,216.42,100552732,-0.5,-0.0023,0.041231657445273004
2016-11-14,216.59,94579982,0.170000000000015,0.0008,0.042049554967524
2016-11-15,218.28,91652580,1.689999999999997,0.0078000000000000005,0.050180418571084004
2016-11-16,217.87,65617697,-0.40999999999999603,-0.0019,0.048207842193889
2016-11-17,218.99,69797191,1.120000000000004,0.0051,0.053596343516959
2016-11-18,218.5,86265751,-0.49000000000000904,-0.0022,0.051238874188116006
2016-11-21,220.15,72402638,1.650000000000005,0.0076,0.059177291315852004
2016-11-22,220.58,67428957,0.43000000000000604,0.002,0.06124609093095901
2016-11-23,220.7,56620237,0.11999999999997601,0.0005,0.061823430358431006
2016-11-25,221.52,37872255,0.820000000000021,0.0037,0.06576858311282101
2016-11-28,220.48,76572511,-1.04000000000002,-0.0047,0.0607649747414
2016-11-29,220.91,69886690,0.43000000000000604,0.002,0.062833774356507
2016-11-30,220.38,113291793,-0.530000000000001,-0.0024000000000000002,0.06028385855184001
2016-12-01,219.57,79040487,-0.810000000000002,-0.0037,0.056386817416406006
2016-12-02,219.68,74840347,0.110000000000013,0.0005,0.056916045224921004
2016-12-05,221.0,67837821,1.319999999999993,0.006,0.06326677892711001
2016-12-06,221.7,59877377,0.6999999999999881,0.0032,0.066634592254029
2016-12-07,224.6,110738050,2.900000000000005,0.0131,0.08058696175126201
2016-12-08,225.15,99714387,0.550000000000011,0.0024000000000000002,0.08323310079384101
2016-12-09,226.51,88005766,1.359999999999985,0.006,0.08977628097185401
2016-12-12,226.25,102016125,-0.25999999999999,-0.0011,0.088525378878999
2016-12-13,227.76,110477485,1.509999999999991,0.0067,0.095790233341351
2016-12-14,225.88,142501812,-1.879999999999995,-0.0083,0.086745248977628
2016-12-15,226.81,124972554,0.930000000000006,0.0041,0.091219629540534
2016-12-16,225.04,156420152,-1.77000000000001,-0.0078000000000000005,0.082703872985325
2016-12-19,225.53,90341147,0.49000000000000904,0.0022,0.08506134231416801
2016-12-20,226.4,89838810,0.8700000000000041,0.0039000000000000003,0.089247053163339
2016-12-21,225.77,67909039,-0.629999999999995,-0.0028,0.086216021169112
2016-12-22,225.38,56219071,-0.39000000000001406,-0.0017000000000000001,0.084339668029829
2016-12-23,225.71,36697822,0.330000000000012,0.0015,0.085927351455376
2016-12-27,226.27,42672487,0.560000000000002,0.0025,0.088621602116911
2016-12-28,224.4,64095014,-1.870000000000004,-0.0083,0.079624729372143
2016-12-29,224.35,48696080,-0.050000000000011,-0.0002,0.07938417127736301
2016-12-30,223.53,108998328,-0.8199999999999931,-0.0037,0.07543901852297301
2017-01-03,225.24,91366522,1.710000000000008,0.0076,0.083666105364445
2017-01-04,226.58,78744433,1.340000000000003,0.0059,0.09011306230454601
2017-01-05,226.4,78379012,-0.18000000000000602,-0.0008,0.089247053163339
2017-01-06,227.21,71559922,0.810000000000002,0.0036000000000000003,0.093144094298773
2017-01-09,226.46,46939676,-0.75,-0.0033,0.08953572287707401
2017-01-10,226.46,63771939,0.0,0.0,0.08953572287707401
2017-01-11,227.1,74650016,0.639999999999986,0.0028,0.092614866490257
2017-01-12,226.53,72113181,-0.5699999999999931,-0.0025,0.089872504209766
2017-01-13,227.05,62717865,0.52000000000001,0.0023,0.092374308395477
2017-01-17,226.25,61240814,-0.800000000000011,-0.0035,0.088525378878999
2017-01-18,226.75,54793302,0.5,0.0022,0.09093095982679801
2017-01-19,225.91,66608787,-0.8400000000000031,-0.0037,0.086889583834496
2017-01-20,226.74,129168623,0.8300000000000121,0.0037,0.09088284820784201
2017-01-23,226.15,75061645,-0.5900000000000031,-0.0026000000000000003,0.088044262689439
2017-01-24,227.6,95555295,1.449999999999988,0.0064,0.095020447438056
2017-01-25,229.57,84437712,1.969999999999998,0.008700000000000001,0.10449843637238301
2017-01-26,229.33,59970719,-0.23999999999998,-0.001,0.10334375751744
2017-01-27,228.97,59711118,-0.36000000000001303,-0.0016,0.101611739235025
2017-01-30,227.55,79737252,-1.419999999999987,-0.006200000000000001,0.09477988934327601
2017-01-31,227.53,75880805,-0.020000000000010003,-0.0001,0.09468366610536401
2017-02-01,227.62,79117651,0.09000000000000301,0.0004,0.095116670675968
2017-02-02,227.77,69657560,0.15000000000000502,0.0007,0.095838344960307
2017-02-03,229.34,80563168,1.5699999999999932,0.006900000000000001,0.103391869136396
2017-02-06,228.93,57790108,-0.40999999999999603,-0.0018000000000000002,0.101419292759201
2017-02-07,228.94,57931151,0.009999999999990001,0.0,0.101467404378157
2017-02-08,229.24,51566218,0.30000000000001104,0.0013000000000000002,0.102910752946836
2017-02-09,230.6,65955245,1.359999999999985,0.0059,0.10945393312484901
2017-02-10,231.51,66015892,0.909999999999996,0.0039000000000000003,0.11383209044984301
2017-02-13,232.77,55182050,1.2600000000000189,0.0054,0.11989415443829601
2017-02-14,233.7,71108983,0.9299999999999781,0.004,0.12436853500120201
2017-02-15,234.92,86785826,1.219999999999998,0.005200000000000001,0.130238152513832
2017-02-16,234.72,84722437,-0.19999999999998802,-0.0009000000000000001,0.129275920134712
2017-02-17,235.09,77204104,0.37000000000000405,0.0016,0.131056050036083
2017-02-21,236.49,88946051,1.400000000000005,0.006,0.13779167668992
2017-02-22,236.28,62115185,-0.21000000000000701,-0.0009000000000000001,0.136781332691845
2017-02-23,236.44,74615902,0.159999999999996,0.0007,0.13755111859514002
2017-02-24,236.74,82381612,0.30000000000001104,0.0013000000000000002,0.13899446716382002
2017-02-27,237.11,56515440,0.37000000000000405,0.0016,0.14077459706519102
2017-02-28,236.47,96961938,-0.640000000000014,-0.0027,0.137695453452008
2017-03-01,239.78,149158170,3.3100000000000023,0.014,0.153620399326437
2017-03-02,238.27,70245978,-1.509999999999991,-0.0063,0.146355544864084
2017-03-03,238.42,81974300,0.149999999999977,0.0006000000000000001,0.147077219148424
2017-03-06,237.71,55391533,-0.7099999999999791,-0.003,0.143661294202549
2017-03-07,237.0,65103737,-0.7100000000000081,-0.003,0.14024536925667502
2017-03-08,236.56,78168795,-0.43999999999999706,-0.0019,0.138128458022612
2017-03-09,236.86,90683918,0.30000000000001104,0.0013000000000000002,0.139571806591291
2017-03-10,237.69,81991652,0.8299999999999841,0.0035,0.143565070964637
2017-03-13,237.81,57256824,0.120000000000004,0.0005,0.144142410392109
2017-03-14,236.9,59880778,-0.909999999999996,-0.0038,0.139764253067115
2017-03-15,238.95,96081750,2.049999999999983,0.008700000000000001,0.14962713495309102
2017-03-16,238.48,78343951,-0.46999999999999803,-0.002,0.14736588886216
2017-03-17,237.03,89002111,-1.449999999999988,-0.0061,0.140389704113543
2017-03-20,236.77,52536979,-0.25999999999999,-0.0011,0.139138802020688
2017-03-21,233.73,131809275,-3.04000000000002,-0.0128,0.12451286985807002
2017-03-22,234.28,97569204,0.550000000000011,0.0024000000000000002,0.12715900890064902
2017-03-23,234.03,100410277,-0.25,-0.0011,0.12595621842675
2017-03-24,233.86,112504853,-0.16999999999998702,-0.0007,0.125138320904498
2017-03-27,233.62,87454452,-0.240000000000009,-0.001,0.123983642049555
2017-03-28,235.32,93483915,1.6999999999999882,0.0073,0.13216261727207101
2017-03-29,235.54,61950354,0.21999999999999803,0.0009000000000000001,0.133221072889102
2017-03-30,236.29,56737890,0.75,0.0032,0.13682944431080102
2017-03-31,235.74,73733094,-0.5499999999999831,-0.0023,0.134183305268222
2017-04-03,235.33,85546486,-0.40999999999999603,-0.0017000000000000001,0.132210728891027
2017-04-04,235.48,56466195,0.149999999999977,0.0006000000000000001,0.132932403175366
2017-04-05,234.78,108800604,-0.6999999999999881,-0.003,0.12956458984844801
2017-04-06,235.44,69135757,0.659999999999996,0.0028,0.132739956699542
2017-04-07,235.2,74412311,-0.240000000000009,-0.001,0.131585277844599
2017-04-10,235.34,67615302,0.140000000000014,0.0006000000000000001,0.13225884050998302
2017-04-11,235.06,88045276,-0.280000000000001,-0.0012000000000000001,0.13091171517921502
2017-04-12,234.03,81864436,-1.030000000000001,-0.0044,0.12595621842675
2017-04-13,232.51,92880394,-1.52000000000001,-0.006500000000000001,0.11864325234544101
2017-04-17,234.57,68405367,2.060000000000002,0.0089,0.128554245850372
2017-04-18,233.87,83225821,-0.6999999999999881,-0.003,0.12518643252345402
2017-04-19,233.44,68699868,-0.43000000000000604,-0.0018000000000000002,0.12311763290834701
2017-04-20,235.34,92572186,1.900000000000005,0.0081,0.13225884050998302
2017-04-21,234.59,110389847,-0.75,-0.0032,0.128650469088284
2017-04-24,237.17,119209877,2.579999999999984,0.011,0.141063266778927
2017-04-25,238.55,76698265,1.380000000000023,0.0058000000000000005,0.147702670194852
2017-04-26,238.4,84702455,-0.15000000000000502,-0.0006000000000000001,0.146980995910512
2017-04-27,238.6,57410326,0.19999999999998802,0.0008,0.14794322828963102
2017-04-28,238.08,63532845,-0.519999999999981,-0.0022,0.14544142410392102
2017-05-01,238.68,66882521,0.5999999999999941,0.0025,0.148328121241279
2017-05-02,238.77,57375732,0.09000000000000301,0.0004,0.148761125811883
2017-05-03,238.48,73137731,-0.29000000000002,-0.0012000000000000001,0.14736588886216
2017-05-04,238.76,61462732,0.280000000000001,0.0012000000000000001,0.148713014192927
2017-05-05,239.7,62001269,0.9399999999999971,0.0039000000000000003,0.153235506374789
2017-05-08,239.66,48385730,-0.039999999999992,-0.0002,0.15304305989896502
2017-05-09,239.44,51363200,-0.21999999999999803,-0.0009000000000000001,0.151984604281934
2017-05-10,239.87,54293799,0.43000000000000604,0.0018000000000000002,0.154053403897041
2017-05-11,239.38,62358346,-0.49000000000000904,-0.002,0.15169593456819802
2017-05-12,238.98,53912730,-0.400000000000005,-0.0017000000000000001,0.149771469809959
2017-05-15,240.3,61918937,1.3200000000000212,0.0055000000000000005,0.156122203512148
2017-05-16,240.08,51241791,-0.21999999999999803,-0.0009000000000000001,0.155063747895116
2017-05-17,235.82,172174107,-4.260000000000019,-0.0177,0.13456819821987
2017-05-18,236.77,107047656,0.950000000000017,0.004,0.139138802020688
2017-05-19,238.31,115011373,1.539999999999992,0.006500000000000001,0.146547991339908
2017-05-22,239.52,61010602,1.210000000000008,0.0051,0.152369497233581
2017-05-23,240.05,48341683,0.530000000000001,0.0022,0.15491941303824802
2017-05-24,240.61,49181099,0.560000000000002,0.0023,0.15761366369978302
2017-05-25,241.76,64071661,1.149999999999977,0.0048000000000000004,0.16314649987972002
2017-05-26,241.71,46629905,-0.049999999999982,-0.0002,0.162905941784941
2017-05-30,241.5,35201897,-0.21000000000000701,-0.0009000000000000001,0.16189559778686502
2017-05-31,241.44,91796016,-0.060000000000002,-0.0002,0.161606928073129
2017-06-01,243.36,68962024,1.920000000000016,0.008,0.17084435891267702
2017-06-02,244.17,88666128,0.8099999999999731,0.0033,0.174741400048111
2017-06-05,243.99,44698825,-0.179999999999978,-0.0007,0.17387539090690401
2017-06-06,243.21,50375430,-0.780000000000001,-0.0032,0.17012268462833702
2017-06-07,243.66,54144311,0.449999999999988,0.0019,0.17228770748135602
2017-06-08,243.78,65950691,0.120000000000004,0.0005,0.172865046908828
2017-06-09,243.41,132256362,-0.37000000000000405,-0.0015,0.171084917007457
2017-06-12,243.36,86108102,-0.049999999999982,-0.0002,0.17084435891267702
2017-06-13,244.55,60066953,1.189999999999997,0.0049,0.17656964156843802
2017-06-14,244.24,78602311,-0.31000000000000205,-0.0013000000000000002,0.17507818138080303
2017-06-15,243.77,66464888,-0.46999999999999803,-0.0019,0.17281693528987202
2017-06-16,242.64,84553097,-1.130000000000023,-0.0046,0.167380322347846
2017-06-19,244.66,65123802,2.02000000000001,0.0083,0.17709886937695402
2017-06-20,243.01,56906368,-1.650000000000005,-0.0067,0.16916045224921802
2017-06-21,242.95,55977569,-0.060000000000002,-0.0002,0.16887178253548202
2017-06-22,242.84,44148059,-0.10999999999998501,-0.0005,0.16834255472696602
2017-06-23,243.13,66986801,0.28999999999999204,0.0012000000000000001,0.169737791676689
2017-06-26,243.29,56700477,0.159999999999996,0.0007,0.17050757757998503
2017-06-27,241.33,82247666,-1.959999999999979,-0.0081,0.16107770026461402
2017-06-28,243.49,70042599,2.159999999999996,0.009000000000000001,0.17146980995910502
2017-06-29,241.35,106949719,-2.140000000000015,-0.0088,0.16117392350252502
2017-06-30,241.8,86820694,0.45000000000001705,0.0019,0.16333894635554402
2017-07-03,242.21,39153806,0.40999999999999603,0.0017000000000000001,0.16531152273274002
2017-07-05,242.77,54427596,0.560000000000002,0.0023,0.168005773394274
2017-07-06,240.55,66115317,-2.219999999999999,-0.0091,0.15732499398604702
2017-07-07,242.11,57972268,1.560000000000002,0.006500000000000001,0.16483040654318
2017-07-10,242.37,36663274,0.25999999999999,0.0011,0.166081308636035
2017-07-11,242.19,50354614,-0.18000000000000602,-0.0007,0.16521529949482802
2017-07-12,244.01,59610405,1.8199999999999932,0.007500000000000001,0.17397161414481502
2017-07-13,244.42,39471637,0.40999999999999603,0.0017000000000000001,0.17594419052201102
2017-07-14,245.56,60262692,1.140000000000014,0.0047,0.18142891508299203
2017-07-17,245.53,33531917,-0.030000000000001,-0.0001,0.181284580226124
2017-07-18,245.66,42742498,0.129999999999995,0.0005,0.181910031272552
2017-07-19,246.99,51034260,1.330000000000012,0.0054,0.18830887659369702
2017-07-20,247.1,47135183,0.10999999999998501,0.0004,0.18883810440221302
2017-07-21,246.88,88711019,-0.21999999999999803,-0.0009000000000000001,0.18777964878518102
2017-07-24,246.82,46622256,-0.060000000000002,-0.0002,0.18749097907144502
2017-07-25,247.42,54915591,0.5999999999999941,0.0024000000000000002,0.19037767620880403
2017-07-26,247.43,47575422,0.010000000000019,0.0,0.19042578782776
2017-07-27,247.2,70766568,-0.23000000000001802,-0.0009000000000000001,0.189319220591772
2017-07-28,246.91,50088359,-0.28999999999999204,-0.0012000000000000001,0.18792398364204901
2017-07-31,246.77,65838659,-0.13999999999998602,-0.0006000000000000001,0.18725042097666503
2017-08-01,247.32,55050401,0.5499999999999831,0.0022,0.18989656001924402
2017-08-02,247.44,47211216,0.120000000000004,0.0005,0.19047389944671603
2017-08-03,246.96,40855997,-0.47999999999998905,-0.0019,0.188164541736829
2017-08-04,247.41,60191838,0.449999999999988,0.0018000000000000002,0.190329564589848
2017-08-07,247.87,31995021,0.460000000000007,0.0019,0.192542699061823
2017-08-08,247.26,61719353,-0.6100000000000131,-0.0025,0.189607890305508
2017-08-09,247.25,62632619,-0.009999999999990001,0.0,0.18955977868655202
2017-08-10,243.76,120479470,-3.490000000000009,-0.014100000000000001,0.172768823670916
2017-08-11,244.12,74869947,0.36000000000001303,0.0015,0.17450084195333102
2017-08-14,246.54,73291919,2.419999999999987,0.0099,0.18614385374067802
2017-08-15,246.51,55242746,-0.030000000000001,-0.0001,0.18599951888381003
2017-08-16,246.94,56715544,0.43000000000000604,0.0017000000000000001,0.188068318498917
2017-08-17,243.09,128490396,-3.8499999999999943,-0.015600000000000001,0.169545345200866
2017-08-18,242.71,136747986,-0.379999999999995,-0.0016,0.16771710368053802
2017-08-21,242.9,65469736,0.189999999999997,0.0008,0.16863122444070203
2017-08-22,245.44,63140101,2.539999999999992,0.0105,0.18085157565552
2017-08-23,244.56,50203837,-0.8799999999999951,-0.0036000000000000003,0.176617753187394
2017-08-24,243.99,50741671,-0.5699999999999931,-0.0023,0.17387539090690401
2017-08-25,244.56,64445912,0.5699999999999931,0.0023,0.176617753187394
2017-08-28,244.57,40565606,0.009999999999990001,0.0,0.17666586480635002
2017-08-29,244.85,51135715,0.280000000000001,0.0011,0.17801299013711802
2017-08-30,246.01,62030805,1.159999999999996,0.0047,0.183593937936011
2017-08-31,247.49,103803880,1.480000000000018,0.006,0.19071445754149602
2017-09-01,247.84,62006989,0.34999999999999404,0.0014,0.192398364204955
2017-09-05,246.06,91398777,-1.7800000000000011,-0.007200000000000001,0.18383449603079102
2017-09-06,246.9,57916867,0.8400000000000031,0.0034000000000000002,0.18787587202309303
2017-09-07,246.87,58034730,-0.030000000000001,-0.0001,0.187731537166225
2017-09-08,246.58,63832825,-0.28999999999999204,-0.0012000000000000001,0.18633630021650202
2017-09-11,249.21,71364848,2.629999999999995,0.010700000000000001,0.198989656001924
2017-09-12,250.05,56896027,0.8400000000000031,0.0034000000000000002,0.203031031994226
2017-09-13,250.17,59228002,0.11999999999997601,0.0005,0.20360837142169802
2017-09-14,250.09,95446349,-0.079999999999984,-0.00030000000000000003,0.20322347847005
2017-09-15,249.19,95432382,-0.900000000000005,-0.0036000000000000003,0.19889343276401203
2017-09-18,249.72,46235238,0.530000000000001,0.0021000000000000003,0.20144334856867901
2017-09-19,249.97,47108148,0.25,0.001,0.20264613904257803
2017-09-20,250.06,59574083,0.09000000000000301,0.0004,0.20307914361318202
2017-09-21,249.39,48211398,-0.670000000000015,-0.0027,0.19985566514313202
2017-09-22,249.44,51214032,0.050000000000011,0.0002,0.20009622323791101
2017-09-25,248.93,57064357,-0.50999999999999,-0.002,0.197642530671157
2017-09-26,249.08,54081959,0.15000000000000502,0.0006000000000000001,0.198364204955496
2017-09-27,250.05,81001426,0.9699999999999981,0.0039000000000000003,0.203031031994226
2017-09-28,250.35,44778841,0.299999999999982,0.0012000000000000001,0.204474380562905
2017-09-29,251.23,85578002,0.8799999999999951,0.0035,0.20870820303103202
2017-10-02,252.32,59022985,1.090000000000003,0.0043,0.213952369497233
2017-10-03,252.86,66810169,0.54000000000002,0.0021000000000000003,0.216550396920856
2017-10-04,253.16,55953619,0.299999999999982,0.0012000000000000001,0.217993745489535
2017-10-05,254.66,63522757,1.5,0.0059,0.22521048833293203
2017-10-06,254.37,80645998,-0.28999999999999204,-0.0011,0.223815251383209
2017-10-09,253.95,35803138,-0.42000000000001503,-0.0017000000000000001,0.22179456338705703
2017-10-10,254.62,43057363,0.670000000000015,0.0026000000000000003,0.22501804185710803
2017-10-11,255.02,47674325,0.400000000000005,0.0016,0.226942506615347
2017-10-12,254.64,47065144,-0.38000000000002304,-0.0015,0.22511426509502003
2017-10-13,254.95,54800435,0.31000000000000205,0.0012000000000000001,0.22660572528265502
2017-10-16,255.29,38221675,0.340000000000003,0.0013000000000000002,0.22824152032715903
2017-10-17,255.47,31560964,0.18000000000000602,0.0007,0.22910752946836602
2017-10-18,255.72,40888330,0.25,0.001,0.23031031994226603
2017-10-19,255.79,61903788,0.06999999999999301,0.00030000000000000003,0.23064710127495702
2017-10-20,257.11,89176377,1.3200000000000212,0.005200000000000001,0.23699783497714702
2017-10-23,256.11,63915306,-1.0,-0.0039000000000000003,0.23218667308154903
2017-10-24,256.56,66935910,0.449999999999988,0.0018000000000000002,0.234351695934568
2017-10-25,255.29,103715291,-1.27000000000001,-0.005,0.22824152032715903
2017-10-26,255.62,69797972,0.330000000000012,0.0013000000000000002,0.22982920375270602
2017-10-27,257.71,85562544,2.089999999999975,0.0082,0.23988453211450503
2017-10-30,256.75,54285687,-0.9599999999999791,-0.0037,0.235265816694731
2017-10-31,257.15,60304781,0.39999999999997704,0.0016,0.23719028145297003
2017-11-01,257.49,54202736,0.340000000000031,0.0013000000000000002,0.238826076497474
2017-11-02,257.59,56449535,0.099999999999965,0.0004,0.23930719268703302
2017-11-03,258.45,59589730,0.8600000000000131,0.0033,0.24344479191724802
2017-11-06,258.85,49652598,0.40000000000003405,0.0015,0.245369256675487
2017-11-07,258.67,57502161,-0.18000000000000602,-0.0007,0.24450324753427902
2017-11-08,259.11,50469579,0.43999999999999706,0.0017000000000000001,0.246620158768342
2017-11-09,258.17,95085497,-0.9399999999999971,-0.0036000000000000003,0.24209766658648002
2017-11-10,258.09,59984662,-0.08000000000004001,-0.00030000000000000003,0.241712773634832
2017-11-13,258.33,50228648,0.240000000000009,0.0009000000000000001,0.242867452489776
2017-11-14,257.73,61315152,-0.599999999999965,-0.0023,0.23998075535241703
2017-11-15,256.44,80811525,-1.29000000000002,-0.005,0.23377435650709602
2017-11-16,258.62,67777027,2.180000000000007,0.0085,0.24426268943949903
2017-11-17,257.86,75756833,-0.75999999999999,-0.0029000000000000002,0.24060620639884503
2017-11-20,258.3,48075514,0.43999999999999706,0.0017000000000000001,0.24272311763290802
2017-11-21,259.99,69176799,1.689999999999997,0.006500000000000001,0.250853981236468
2017-11-22,259.76,45033392,-0.23000000000001802,-0.0009000000000000001,0.24974741400048103
2017-11-24,260.36,27856514,0.6000000000000221,0.0023,0.252634111137839
2017-11-27,260.23,52274922,-0.129999999999995,-0.0005,0.25200866009141204
2017-11-28,262.87,98971719,2.639999999999986,0.010100000000000001,0.26471012749579004
2017-11-29,262.71,77512102,-0.160000000000025,-0.0006000000000000001,0.263940341592494
2017-11-30,265.01,127894389,2.300000000000011,0.0088,0.275006013952369
2017-12-01,264.46,164390902,-0.550000000000011,-0.0021000000000000003,0.27235987490979
2017-12-04,264.14,94040560,-0.319999999999993,-0.0012000000000000001,0.27082030310319904
2017-12-05,263.19,77994544,-0.9499999999999881,-0.0036000000000000003,0.266249699302381
2017-12-06,263.24,75898566,0.050000000000011,0.0002,0.26649025739716103
2017-12-07,264.07,77218569,0.8299999999999841,0.0032,0.270483521770507
2017-12-08,265.51,76563873,1.439999999999997,0.0055000000000000005,0.27741159490016803
2017-12-11,266.31,83077533,0.800000000000011,0.003,0.281260524416646
2017-12-12,266.78,85195750,0.46999999999997005,0.0018000000000000002,0.28352177050757704
2017-12-13,266.75,102905409,-0.029999999999972004,-0.0001,0.283377435650709
2017-12-14,265.66,100666692,-1.089999999999975,-0.0041,0.27813326918450804
2017-12-15,266.51,144610290,0.8499999999999651,0.0032,0.282222756795766
2017-12-18,268.2,83653572,1.689999999999997,0.0063,0.290353620399326
2017-12-19,267.17,82382876,-1.029999999999972,-0.0038,0.28539812364686
2017-12-20,267.03,76751500,-0.140000000000043,-0.0005,0.284724560981476
2017-12-21,267.58,67032339,0.550000000000011,0.0021000000000000003,0.287370700024055
2017-12-22,267.51,78720873,-0.06999999999999301,-0.00030000000000000003,0.287033918691363
2017-12-26,267.19,45244433,-0.319999999999993,-0.0012000000000000001,0.28549434688477204
2017-12-27,267.32,57750986,0.129999999999995,0.0005,0.2861197979312
2017-12-28,267.87,45116139,0.550000000000011,0.0021000000000000003,0.288765936973779
2017-12-29,266.86,96007424,-1.009999999999991,-0.0038,0.283906663459225
2018-01-02,268.77,86655749,1.9099999999999682,0.007200000000000001,0.293095982679817
2018-01-03,270.47,90070416,1.700000000000045,0.0063,0.301274957902333
2018-01-04,271.61,80636408,1.139999999999986,0.004200000000000001,0.30675968246331503
2018-01-05,273.42,83523995,1.810000000000002,0.0067,0.315467885494347
2018-01-08,273.92,57319192,0.5,0.0018000000000000002,0.31787346644214504
2018-01-09,274.54,57253957,0.6200000000000041,0.0023,0.320856386817416
2018-01-10,274.12,69574318,-0.42000000000001503,-0.0015,0.318835698821265
2018-01-11,276.12,62361455,2.0,0.0073,0.32845802261246104
2018-01-12,277.92,90816076,1.800000000000011,0.006500000000000001,0.337118114024537
2018-01-16,276.97,106555142,-0.9499999999999881,-0.0034000000000000002,0.33254751022371903
2018-01-17,279.61,113258799,2.639999999999986,0.0095,0.34524897762809703
2018-01-18,279.14,100728006,-0.47000000000002706,-0.0017000000000000001,0.34298773153716605
2018-01-19,280.41,140920098,1.270000000000038,0.0045000000000000005,0.349097907144575
2018-01-22,282.69,91322408,2.279999999999972,0.0081,0.360067356266538
2018-01-23,283.29,97084700,0.6000000000000221,0.0021000000000000003,0.362954053403897
2018-01-24,283.18,134816117,-0.110000000000013,-0.0004,0.36242482559538103
2018-01-25,283.3,84587313,0.120000000000004,0.0004,0.36300216502285304
2018-01-26,286.58,107743119,3.279999999999972,0.011600000000000001,0.37878277604041305
2018-01-29,284.68,90118337,-1.899999999999977,-0.0066,0.36964156843877805
2018-01-30,281.76,131796419,-2.920000000000016,-0.0103,0.355592975703632
2018-01-31,281.9,118948131,0.13999999999998602,0.0005,0.356266538369016
2018-02-01,281.58,90102470,-0.319999999999993,-0.0011,0.35472696656242403
2018-02-02,275.45,173174790,-6.1299999999999955,-0.0218,0.32523454414241004
2018-02-05,263.93,294681816,-11.519999999999982,-0.041800000000000004,0.269809959105123
2018-02-06,269.13,355026782,5.199999999999989,0.019700000000000002,0.294828000962232
2018-02-07,267.67,167376100,-1.459999999999979,-0.0054,0.28780370459465904
2018-02-08,257.63,246449505,-10.04000000000002,-0.0375,0.23949963916285702
2018-02-09,261.5,283565315,3.870000000000004,0.015,0.25811883569882105
2018-02-12,265.34,143735976,3.839999999999975,0.014700000000000001,0.276593697377916
2018-02-13,266.0,81223640,0.660000000000025,0.0025,0.27976906422901104
2018-02-14,269.59,120735685,3.589999999999975,0.0135,0.297041135434207
2018-02-15,273.03,111200286,3.439999999999997,0.0128,0.31359153235506304
2018-02-16,273.11,160420135,0.08000000000004001,0.00030000000000000003,0.31397642530671105
2018-02-20,271.4,86369662,-1.710000000000036,-0.0063,0.30574933846523905
2018-02-21,270.05,98883740,-1.349999999999966,-0.005,0.29925426990618204
2018-02-22,270.4,110511290,0.349999999999965,0.0013000000000000002,0.300938176569641
2018-02-23,274.71,92766428,4.310000000000002,0.0159,0.32167428433966805
2018-02-26,277.9,86491406,3.189999999999997,0.011600000000000001,0.33702189078662403
2018-02-27,274.43,99099165,-3.46999999999997,-0.0125,0.3203271590089
2018-02-28,271.65,121907767,-2.780000000000029,-0.010100000000000001,0.30695212893913804
2018-03-01,267.7,176855077,-3.949999999999988,-0.0145,0.287948039451527
2018-03-02,269.08,139083217,1.379999999999995,0.005200000000000001,0.29458744286745203
2018-03-05,272.19,97307387,3.110000000000013,0.011600000000000001,0.309550156362761
2018-03-06,272.88,79213163,0.6899999999999971,0.0025,0.31286985807072404
2018-03-07,272.78,87063502,-0.100000000000022,-0.0004,0.312388741881164
2018-03-08,274.1,66901150,1.32000000000005,0.0048000000000000004,0.318739475583353
2018-03-09,278.87,113625335,4.769999999999982,0.017400000000000002,0.34168871782535404
2018-03-12,278.52,71924793,-0.350000000000022,-0.0013000000000000002,0.340004811161895
2018-03-13,276.72,91968937,-1.799999999999954,-0.006500000000000001,0.33134471974981905
2018-03-14,275.3,105895079,-1.420000000000016,-0.0051,0.32451286985807004
2018-03-15,275.0,83433038,-0.30000000000001104,-0.0011,0.32306952128939104
2018-03-16,274.2,100343673,-0.800000000000011,-0.0029000000000000002,0.319220591772913
2018-03-19,270.49,109208442,-3.709999999999979,-0.0135,0.301371181140245
2018-03-20,270.95,59757271,0.45999999999997904,0.0017000000000000001,0.30358431561222005
2018-03-21,270.43,78709578,-0.519999999999981,-0.0019,0.30108251142650905
2018-03-22,263.67,148785916,-6.759999999999991,-0.025,0.268559057012268
2018-03-23,258.05,183534751,-5.6200000000000045,-0.0213,0.241520327159008
2018-03-26,265.11,141956102,7.060000000000002,0.0274,0.27548713014192905
2018-03-27,260.6,129941445,-4.509999999999991,-0.017,0.25378878999278304
2018-03-28,259.83,146452306,-0.7700000000000381,-0.003,0.250084195333172
2018-03-29,263.15,124244790,3.319999999999993,0.0128,0.266057252826557
2018-04-02,257.47,186286343,-5.67999999999995,-0.0216,0.23872985325956203
2018-04-03,260.77,119956861,3.299999999999954,0.0128,0.254606687515034
2018-04-04,263.56,123715339,2.79000000000002,0.010700000000000001,0.268029829203752
2018-04-05,265.64,82652618,2.079999999999984,0.0079,0.278037045946596
2018-04-06,259.72,179521209,-5.919999999999959,-0.0223,0.24955496752465703
2018-04-09,261.0,105442932,1.279999999999972,0.0049,0.255713254751022
2018-04-10,265.15,105573736,4.149999999999977,0.0159,0.275679576617753
2018-04-11,263.76,91140243,-1.389999999999986,-0.005200000000000001,0.26899206158287203
2018-04-12,265.93,68890480,2.170000000000016,0.0082,0.279432282896319
2018-04-13,265.15,85079176,-0.7800000000000291,-0.0029000000000000002,0.275679576617753
2018-04-16,267.33,63405287,2.180000000000007,0.0082,0.28616790955015603
2018-04-17,270.19,64682036,2.860000000000013,0.010700000000000001,0.299927832571566
2018-04-18,270.39,57303857,0.19999999999998802,0.0007,0.30089006495068504
2018-04-19,268.89,77655909,-1.5,-0.0055000000000000005,0.293673322107288
2018-04-20,266.61,99953133,-2.279999999999972,-0.0085,0.282703872985326
2018-04-23,266.57,65557954,-0.040000000000020006,-0.0002,0.282511426509502
2018-04-24,262.98,112885452,-3.589999999999975,-0.0135,0.26523935530430603
2018-04-25,263.63,103840948,0.649999999999977,0.0025,0.268366610536444
2018-04-26,266.31,67731942,2.680000000000007,0.0102,0.281260524416646
2018-04-27,266.56,57053647,0.25,0.0009000000000000001,0.28246331489054605
2018-04-30,264.51,82182324,-2.050000000000011,-0.0077,0.27260043300457004
2018-05-01,264.98,74203365,0.47000000000002706,0.0018000000000000002,0.274861679095501
2018-05-02,263.2,86368943,-1.7800000000000291,-0.0067,0.26629781092133703
2018-05-03,262.62,136311479,-0.5799999999999841,-0.0022,0.26350733702189
2018-05-04,266.02,91222075,3.3999999999999773,0.0129,0.279865287466923
2018-05-07,266.92,55304907,0.9000000000000341,0.0034000000000000002,0.28419533317296103
2018-05-08,266.92,67499247,0.0,0.0,0.28419533317296103
2018-05-09,269.5,59666143,2.579999999999984,0.0097,0.29660813086360305
2018-05-10,272.02,72063931,2.519999999999982,0.0094,0.30873225884050903
2018-05-11,272.85,59871511,0.83000000000004,0.0031000000000000003,0.31272552321385605
2018-05-14,272.98,54790606,0.129999999999995,0.0005,0.313350974260283
2018-05-15,271.1,87036136,-1.879999999999995,-0.006900000000000001,0.30430598989656005
2018-05-16,272.24,53942631,1.139999999999986,0.004200000000000001,0.309790714457541
2018-05-17,272.01,56536400,-0.23000000000001802,-0.0008,0.308684147221554
2018-05-18,271.33,64367959,-0.680000000000006,-0.0025,0.305412557132547
2018-05-21,273.37,58025875,2.04000000000002,0.007500000000000001,0.31522732739956705
2018-05-22,272.61,52966358,-0.75999999999999,-0.0028,0.311570844358912
2018-05-23,273.36,64694184,0.75,0.0028,0.31517921578061103
2018-05-24,272.8,76043827,-0.560000000000002,-0.002,0.31248496511907603
2018-05-25,272.15,56374755,-0.650000000000034,-0.0024000000000000002,0.309357709886937
2018-05-29,269.02,115908607,-3.129999999999995,-0.0115,0.294298773153716
2018-05-30,272.61,69678449,3.590000000000032,0.013300000000000001,0.311570844358912
2018-05-31,270.94,93519941,-1.670000000000016,-0.0061,0.30353620399326403
2018-06-01,273.6,71258411,2.660000000000025,0.0098,0.316333894635554
2018-06-04,274.9,45385166,1.299999999999954,0.0048000000000000004,0.322588405099831
2018-06-05,275.1,51135038,0.200000000000045,0.0007,0.323550637478951
2018-06-06,277.4,62732215,2.299999999999954,0.008400000000000001,0.334616309838826
2018-06-07,277.37,72969402,-0.029999999999972004,-0.0001,0.334471974981958
2018-06-08,278.19,72139719,0.8199999999999931,0.003,0.338417127736348
2018-06-11,278.56,58892515,0.37000000000000405,0.0013000000000000002,0.340197257637719
2018-06-12,278.92,72329028,0.36000000000001303,0.0013000000000000002,0.341929275920134
2018-06-13,278.03,79070610,-0.8900000000000431,-0.0032,0.337647341833052
2018-06-14,278.73,77097620,0.700000000000045,0.0025,0.34101515515997105
2018-06-15,277.13,120041562,-1.600000000000022,-0.0057,0.33331729612701405
2018-06-18,276.56,52917581,-0.5699999999999931,-0.0021000000000000003,0.33057493384652403
2018-06-19,275.5,97531510,-1.060000000000002,-0.0038,0.32547510223719
2018-06-20,275.97,53785486,0.47000000000002706,0.0017000000000000001,0.32773634832812104
2018-06-21,274.24,71061404,-1.7300000000000182,-0.0063,0.319413038248737
2018-06-22,274.74,56612003,0.5,0.0018000000000000002,0.32181861919653604
2018-06-25,271.0,137854162,-3.740000000000009,-0.013600000000000001,0.303824873707
2018-06-26,271.6,68683211,0.6000000000000221,0.0022,0.306711570844359
2018-06-27,269.35,105110674,-2.25,-0.0083,0.29588645657926405
2018-06-28,270.89,76650517,1.5399999999999632,0.0057,0.303295645898484
2018-06-29,271.28,97592499,0.389999999999986,0.0014,0.30517199903776704
2018-07-02,271.86,63554774,0.58000000000004,0.0021000000000000003,0.307962472937214
2018-07-03,270.9,42187071,-0.960000000000036,-0.0035,0.30334375751744
2018-07-05,273.11,56925919,2.210000000000036,0.0082,0.31397642530671105
2018-07-06,275.42,66493696,2.3100000000000023,0.0085,0.325090209285542
2018-07-09,277.9,50550399,2.479999999999961,0.009000000000000001,0.33702189078662403
2018-07-10,278.9,51966829,1.0,0.0036000000000000003,0.341833052682222
2018-07-11,276.86,77054739,-2.039999999999963,-0.0073,0.33201828241520304
2018-07-12,279.37,60124687,2.509999999999991,0.0091,0.344094298773153
2018-07-13,279.59,48234964,0.21999999999997003,0.0008,0.345152754390185
2018-07-16,279.34,48201038,-0.25,-0.0009000000000000001,0.343949963916285
2018-07-17,280.47,52315500,1.130000000000052,0.004,0.34938657685831104
2018-07-18,281.06,44593465,0.5899999999999751,0.0021000000000000003,0.35222516237671403
2018-07-19,280.0,61412117,-1.060000000000002,-0.0038,0.34712533076738
2018-07-20,279.68,82372729,-0.319999999999993,-0.0011,0.345585758960789
2018-07-23,280.2,47047565,0.519999999999981,0.0019,0.348087563146499
2018-07-24,281.61,68026935,1.410000000000025,0.005,0.354871301419292
2018-07-25,284.01,78882927,2.3999999999999773,0.0085,0.36641808996872705
2018-07-26,283.34,57919495,-0.670000000000015,-0.0024000000000000002,0.36319461149867605
2018-07-27,281.42,76783177,-1.919999999999959,-0.0068000000000000005,0.353957180659129
2018-07-30,279.95,63742508,-1.470000000000027,-0.005200000000000001,0.34688477267260004
2018-07-31,281.33,68570493,1.379999999999995,0.0049,0.35352417608852504
2018-08-01,280.86,53853326,-0.46999999999997005,-0.0017000000000000001,0.351262929997594
2018-08-02,282.39,63426363,1.529999999999972,0.0054,0.358624007697859
2018-08-03,283.6,53935386,1.210000000000036,0.0043,0.36444551359153204
2018-08-06,284.64,39400887,1.039999999999963,0.0037,0.36944912196295404
2018-08-07,285.58,43196646,0.9399999999999971,0.0033,0.37397161414481506
2018-08-08,285.46,42114551,-0.120000000000004,-0.0004,0.37339427471734404
2018-08-09,285.07,35716976,-0.389999999999986,-0.0014,0.371517921578061
2018-08-10,283.16,77076044,-1.9099999999999682,-0.0067,0.36232860235746905
2018-08-13,282.1,65732909,-1.060000000000002,-0.0037,0.357228770748135
2018-08-14,283.9,43842031,1.799999999999954,0.0064,0.36588886216021105
2018-08-15,281.78,102925355,-2.120000000000004,-0.007500000000000001,0.35568919894154405
2018-08-16,284.06,69967919,2.280000000000029,0.0081,0.366658648063507
2018-08-17,285.06,65618481,1.0,0.0035,0.371469809959105
2018-08-20,285.67,39807490,0.6100000000000131,0.0021000000000000003,0.374404618715419
2018-08-21,286.34,67271983,0.6699999999999591,0.0023,0.37762809718547
2018-08-22,286.17,44993333,-0.16999999999995902,-0.0006000000000000001,0.37681019966321805
2018-08-23,285.79,49204851,-0.379999999999995,-0.0013000000000000002,0.37498195814289104
2018-08-24,287.51,57487399,1.71999999999997,0.006,0.38325715660331905
2018-08-27,289.78,57072377,2.269999999999982,0.0079,0.39417849410632605
2018-08-28,289.92,46943472,0.140000000000043,0.0005,0.39485205677171004
2018-08-29,291.48,61485514,1.560000000000002,0.0054,0.40235746932884303
2018-08-30,290.3,61229501,-1.180000000000006,-0.004,0.39668029829203705
2018-08-31,290.31,66140838,0.009999999999990001,0.0,0.396728409910993
2018-09-04,289.81,57594367,-0.5,-0.0017000000000000001,0.39432282896319404
2018-09-05,289.03,72452437,-0.7800000000000291,-0.0027,0.39057012268462804
2018-09-06,288.16,65909863,-0.869999999999947,-0.003,0.386384411835458
2018-09-07,287.6,73524824,-0.560000000000002,-0.0019,0.383690161173923
2018-09-10,288.1,50210903,0.5,0.0017000000000000001,0.38609574212172204
2018-09-11,289.05,50530492,0.9499999999999881,0.0033,0.39066634592254
2018-09-12,289.12,59810758,0.06999999999999301,0.0002,0.391003127255232
2018-09-13,290.83,51034222,1.709999999999979,0.0059,0.399230214096704
2018-09-14,290.88,55079875,0.050000000000011,0.0002,0.399470772191484
2018-09-17,289.34,68244043,-1.54000000000002,-0.0053,0.392061582872263
2018-09-18,290.91,61930407,1.57000000000005,0.0054,0.399615107048352
2018-09-19,291.22,49080562,0.31000000000000205,0.0011,0.40110656723598703
2018-09-20,293.58,100360646,2.359999999999957,0.0081,0.41246090930959806
2018-09-21,291.99,105479656,-1.589999999999975,-0.0054,0.404811161895597
2018-09-24,291.02,53409645,-0.9700000000000271,-0.0033,0.400144334856867
2018-09-25,290.75,44370037,-0.26999999999998103,-0.0009000000000000001,0.39884532114505605
2018-09-26,289.88,79739674,-0.8700000000000041,-0.003,0.39465961029588603
2018-09-27,290.69,59249455,0.810000000000002,0.0028,0.39855665143132
2018-09-28,290.72,70091385,0.030000000000029003,0.0001,0.398700986288188
2018-10-01,291.73,62078937,1.009999999999991,0.0035,0.403560259802742
2018-10-02,291.56,47258227,-0.170000000000015,-0.0006000000000000001,0.40274236228049004
2018-10-03,291.72,64694594,0.160000000000025,0.0005,0.40351214818378606
2018-10-04,289.44,111545910,-2.280000000000029,-0.0078000000000000005,0.39254269906182304
2018-10-05,287.82,105951698,-1.620000000000004,-0.0056,0.384748616790955
2018-10-08,287.82,87742172,0.0,0.0,0.384748616790955
2018-10-09,287.4,74338982,-0.42000000000001503,-0.0015,0.38272792879480305
2018-10-10,278.3,214731042,-9.099999999999966,-0.0317,0.338946355544864
2018-10-11,272.17,274840491,-6.1299999999999955,-0.022,0.30945393312484903
2018-10-12,275.95,183186492,3.779999999999972,0.013900000000000001,0.327640125090209
2018-10-15,274.4,102263717,-1.550000000000011,-0.0056,0.32018282415203203
2018-10-16,280.4,118255834,6.0,0.0219,0.34904979552561904
2018-10-17,280.45,110625987,0.050000000000011,0.0002,0.349290353620399
2018-10-18,276.4,134557525,-4.050000000000011,-0.014400000000000001,0.329805147943228
2018-10-19,276.25,139901634,-0.149999999999977,-0.0005,0.329083473658888
2018-10-22,275.01,82415812,-1.240000000000009,-0.0045000000000000005,0.32311763290834705
2018-10-23,273.61,146352719,-1.399999999999977,-0.0051,0.31638200625451
2018-10-24,265.32,177806697,-8.29000000000002,-0.0303,0.27649747414000403
2018-10-25,270.08,138061545,4.759999999999991,0.0179,0.29939860476305
2018-10-26,265.33,201574596,-4.75,-0.0176,0.27654558575896004
2018-10-29,263.86,160749101,-1.46999999999997,-0.0055000000000000005,0.269473177772432
2018-10-30,267.77,157115995,3.909999999999968,0.0148,0.288284820784219
2018-10-31,270.63,128296325,2.860000000000013,0.010700000000000001,0.302044743805629
2018-11-01,273.51,99495037,2.879999999999995,0.0106,0.31590089006495004
2018-11-02,271.89,122634107,-1.620000000000004,-0.0059,0.308106807794082
2018-11-05,273.39,65622482,1.5,0.0055000000000000005,0.315323550637478
2018-11-06,275.12,60085894,1.7300000000000182,0.0063,0.32364686071686305
2018-11-07,281.01,102752099,5.889999999999986,0.021400000000000002,0.351984604281934
2018-11-08,280.5,65584886,-0.50999999999999,-0.0018000000000000002,0.349530911715179
2018-11-09,277.76,98812561,-2.740000000000009,-0.0098,0.33634832812124105
2018-11-12,272.57,99673574,-5.189999999999998,-0.0187,0.311378397883088
2018-11-13,272.06,98176610,-0.50999999999999,-0.0019,0.30892470531633304
2018-11-14,270.2,125335931,-1.8600000000000132,-0.0068000000000000005,0.29997594419052204
2018-11-15,273.02,135101437,2.819999999999993,0.010400000000000001,0.313543420736107
2018-11-16,273.73,126668040,0.710000000000036,0.0026000000000000003,0.31695934568198203
2018-11-19,269.1,103061706,-4.6299999999999955,-0.016900000000000002,0.294683666105364
2018-11-20,264.12,136021311,-4.980000000000018,-0.018500000000000003,0.270724079865287
2018-11-21,265.02,75563743,0.899999999999977,0.0034000000000000002,0.275054125571325
2018-11-23,263.25,42807878,-1.769999999999981,-0.0067,0.266538369016117
2018-11-26,267.5,79981362,4.25,0.0161,0.286985807072408
2018-11-27,268.4,75502441,0.899999999999977,0.0034000000000000002,0.291315852778445
2018-11-28,274.58,127629633,6.180000000000007,0.023,0.32104883329324
2018-11-29,273.98,82346420,-0.599999999999965,-0.0022,0.318162136155881
2018-11-30,275.65,98204190,1.669999999999959,0.0061,0.326196776521529
2018-12-03,279.3,103017719,3.650000000000034,0.0132,0.343757517440461
2018-12-04,270.25,177986013,-9.050000000000011,-0.0324,0.300216502285301
2018-12-06,269.84,204185411,-0.410000000000025,-0.0015,0.298243925908106
2018-12-07,263.57,161018923,-6.269999999999982,-0.023200000000000002,0.268077940822708
2018-12-10,264.07,151445885,0.5,0.0019,0.270483521770507
2018-12-11,264.13,121504431,0.060000000000002,0.0002,0.27077219148424303
2018-12-12,265.46,97976706,1.329999999999984,0.005,0.277171036805388
2018-12-13,265.37,96662717,-0.089999999999974,-0.00030000000000000003,0.27673803223478405
2018-12-14,260.47,116961071,-4.899999999999977,-0.018500000000000003,0.253163338946355
2018-12-17,255.36,165492257,-5.110000000000014,-0.0196,0.22857830165985002
2018-12-18,255.08,134515094,-0.280000000000001,-0.0011,0.22723117632908302
2018-12-19,251.26,214992763,-3.820000000000021,-0.015,0.208852537887899
2018-12-20,247.17,252053377,-4.090000000000003,-0.016300000000000002,0.189174885734904
2018-12-21,240.7,255345633,-6.469999999999999,-0.0262,0.15804666827038702
2018-12-24,234.34,147311588,-6.359999999999985,-0.0264,0.12744767861438502
2018-12-26,246.18,218485360,11.840000000000003,0.0505,0.184411835458263
2018-12-27,248.07,186267342,1.889999999999986,0.0077,0.19350493144094302
2018-12-28,247.75,153100189,-0.319999999999993,-0.0013000000000000002,0.19196535963435102
2018-12-31,249.92,144299370,2.169999999999987,0.0088,0.202405580947798
2019-01-02,250.18,126925199,0.260000000000019,0.001,0.203656483040654
2019-01-03,244.21,144140692,-5.969999999999999,-0.0239,0.174933846523935
2019-01-04,252.39,142628834,8.179999999999978,0.0335,0.21428915082992503
2019-01-07,254.38,103139100,1.990000000000009,0.0079,0.22386336300216503
2019-01-08,256.77,102512587,2.389999999999986,0.0094,0.235362039932643
2019-01-09,257.97,95006554,1.200000000000045,0.0047,0.24113543420736103
2019-01-10,258.88,96823923,0.9099999999999681,0.0035,0.24551359153235502
2019-01-11,258.98,73858110,0.100000000000022,0.0004,0.245994707721914
2019-01-14,257.4,70908227,-1.580000000000041,-0.0061,0.23839307192687
2019-01-15,260.35,85208271,2.950000000000045,0.0115,0.252585999518883
2019-01-16,260.98,77636710,0.629999999999995,0.0024000000000000002,0.25561703151311
2019-01-17,262.96,96118435,1.9799999999999611,0.0076,0.265143132066393
2019-01-18,266.46,127900303,3.5,0.013300000000000001,0.281982198700986
2019-01-22,262.86,115531183,-3.599999999999966,-0.0135,0.264662015876834
2019-01-23,263.41,86030287,0.550000000000011,0.0021000000000000003,0.267308154919413
2019-01-24,263.55,59204139,0.13999999999998602,0.0005,0.267981717584796
2019-01-25,265.78,96883358,2.229999999999961,0.0085,0.27871060861197905
2019-01-28,263.76,85613655,-2.019999999999982,-0.0076,0.26899206158287203
2019-01-29,263.41,66136334,-0.349999999999965,-0.0013000000000000002,0.267308154919413
2019-01-30,267.58,92473671,4.169999999999959,0.0158,0.287370700024055
2019-01-31,269.93,104012073,2.350000000000022,0.0088,0.29867693047871
2019-02-01,270.06,85782524,0.129999999999995,0.0005,0.29930238152513805
2019-02-04,271.96,60744844,1.899999999999977,0.007,0.308443589126774
2019-02-05,273.1,79552774,1.140000000000043,0.004200000000000001,0.31392831368775503
2019-02-06,272.74,58347791,-0.36000000000001303,-0.0013000000000000002,0.31219629540534005
2019-02-07,270.14,95481961,-2.600000000000022,-0.0095,0.299687274476786
2019-02-08,270.47,75788861,0.33000000000004004,0.0012000000000000001,0.301274957902333
2019-02-11,270.62,68021423,0.149999999999977,0.0006000000000000001,0.301996632186673
2019-02-12,274.1,72270221,3.480000000000018,0.0129,0.318739475583353
2019-02-13,274.99,65277204,0.889999999999986,0.0032,0.323021409670435
2019-02-14,274.38,83234396,-0.6100000000000131,-0.0022,0.32008660091412
2019-02-15,277.37,97088659,2.990000000000009,0.0109,0.334471974981958
2019-02-19,277.85,59120804,0.480000000000018,0.0017000000000000001,0.336781332691845
2019-02-20,278.41,76610767,0.560000000000002,0.002,0.33947558335338
2019-02-21,277.42,64214727,-0.9900000000000091,-0.0036000000000000003,0.33471253307673804
2019-02-22,279.14,78114616,1.71999999999997,0.006200000000000001,0.34298773153716605
2019-02-25,279.52,69030699,0.379999999999995,0.0014,0.344815973057493
2019-02-26,279.32,56844101,-0.19999999999998802,-0.0007,0.34385374067837304
2019-02-27,279.2,56921570,-0.120000000000004,-0.0004,0.34327640125090203
2019-02-28,278.68,69268293,-0.519999999999981,-0.0019,0.34077459706519103
2019-03-01,280.42,78880548,1.740000000000009,0.006200000000000001,0.349146018763531
2019-03-04,279.4,106494637,-1.020000000000038,-0.0036000000000000003,0.34423863363002105
2019-03-05,279.02,59114559,-0.379999999999995,-0.0014,0.34241039210969404
2019-03-06,277.33,75039771,-1.689999999999997,-0.0061,0.334279528506134
2019-03-07,275.01,94885089,-2.319999999999993,-0.008400000000000001,0.32311763290834705
2019-03-08,274.46,85795799,-0.550000000000011,-0.002,0.320471493865768
2019-03-11,278.44,65098897,3.980000000000018,0.0145,0.339619918210247
2019-03-12,279.49,79667530,1.050000000000011,0.0038,0.344671638200625
2019-03-13,281.34,80639153,1.8499999999999661,0.0066,0.353572287707481
2019-03-14,281.16,67518366,-0.179999999999949,-0.0006000000000000001,0.352706278566273
2019-03-15,281.31,81308979,0.149999999999977,0.0005,0.353427952850613
2019-03-18,282.33,62199806,1.019999999999981,0.0036000000000000003,0.35833533798412304
2019-03-19,282.4,90268121,0.06999999999999301,0.0002,0.35867211931681403
2019-03-20,281.55,84609210,-0.8499999999999651,-0.003,0.35458263170555704
2019-03-21,284.73,79550375,3.180000000000007,0.011300000000000001,0.369882126533557
2019-03-22,279.25,122659286,-5.480000000000018,-0.019200000000000002,0.34351695934568205
2019-03-25,279.04,85575197,-0.209999999999979,-0.0008,0.342506615347606
2019-03-26,281.12,68125920,2.079999999999984,0.007500000000000001,0.352513832090449
2019-03-27,279.65,72224722,-1.470000000000027,-0.005200000000000001,0.34544142410392104
2019-03-28,280.71,56238545,1.060000000000002,0.0038,0.350541255713254
2019-03-29,282.48,82186806,1.7700000000000382,0.0063,0.35905701226846304
2019-04-01,285.83,77617945,3.349999999999966,0.0119,0.37517440461871504
2019-04-02,285.97,40070351,0.140000000000043,0.0005,0.375847967284099
2019-04-03,286.42,68243202,0.449999999999988,0.0016,0.37801299013711803
2019-04-04,287.18,48997505,0.75999999999999,0.0027,0.38166947317777206
2019-04-05,288.57,58621729,1.389999999999986,0.0048000000000000004,0.388356988212653
2019-04-08,288.79,53566335,0.220000000000027,0.0008,0.389415443829685
2019-04-09,287.31,66142316,-1.480000000000018,-0.0051,0.38229492422420003
2019-04-10,288.29,52601499,0.9800000000000181,0.0034000000000000002,0.38700986288188605
2019-04-11,288.21,55093100,-0.08000000000004001,-0.00030000000000000003,0.38662496993023804
2019-04-12,290.16,69727782,1.950000000000045,0.0068000000000000005,0.396006735626654
2019-04-15,289.97,49596685,-0.189999999999997,-0.0007,0.39509261486649006
2019-04-16,290.16,52153197,0.189999999999997,0.0007,0.396006735626654
2019-04-17,289.45,58268295,-0.710000000000036,-0.0024000000000000002,0.39259081068077906
2019-04-18,290.02,68708513,0.5699999999999931,0.002,0.39533317296127
2019-04-22,290.27,40160140,0.25,0.0009000000000000001,0.396535963435169
2019-04-23,292.88,52246633,2.610000000000013,0.009000000000000001,0.409093095982679
2019-04-24,292.23,50392914,-0.649999999999977,-0.0022,0.40596584075054104
2019-04-25,292.05,57770862,-0.18000000000000602,-0.0006000000000000001,0.40509983160933305
2019-04-26,293.41,50916423,1.360000000000013,0.0047,0.411643011787346
2019-04-29,293.87,57197747,0.45999999999997904,0.0016,0.41385614625932104
2019-04-30,294.02,81111733,0.149999999999977,0.0005,0.41457782054366105
2019-05-01,291.81,71671870,-2.209999999999979,-0.007500000000000001,0.40394515275439
2019-05-02,291.18,65030170,-0.629999999999995,-0.0022,0.40091412076016303
2019-05-03,294.03,56543653,2.849999999999966,0.0098,0.414625932162617
2019-05-06,292.82,107198069,-1.209999999999979,-0.0041,0.40880442626894403
2019-05-07,287.93,144729908,-4.889999999999986,-0.0167,0.38527784459947
2019-05-08,287.53,91568287,-0.40000000000003405,-0.0014,0.383353379841231
2019-05-09,286.66,103471104,-0.869999999999947,-0.003,0.379167668992061
2019-05-10,288.1,112429293,1.439999999999997,0.005,0.38609574212172204
2019-05-13,280.86,127290527,-7.240000000000009,-0.0251,0.351262929997594
2019-05-14,283.4,77003230,2.539999999999963,0.009000000000000001,0.363483281212412
2019-05-15,285.06,73956407,1.660000000000025,0.0059,0.371469809959105
2019-05-16,287.7,76749643,2.639999999999986,0.009300000000000001,0.38417127736348305
2019-05-17,285.84,100353024,-1.8600000000000132,-0.006500000000000001,0.37522251623767106
2019-05-20,283.95,62877610,-1.889999999999986,-0.0066,0.366129420254991
2019-05-21,286.51,46847085,2.5600000000000023,0.009000000000000001,0.37844599470772106
2019-05-22,285.63,49482472,-0.8799999999999951,-0.0031000000000000003,0.374212172239595
2019-05-23,282.14,98733847,-3.490000000000009,-0.0122,0.35742121722395903
2019-05-24,282.78,55268095,0.639999999999986,0.0023,0.36050036083714204
2019-05-28,280.15,70029356,-2.629999999999995,-0.009300000000000001,0.347847005051719
2019-05-29,278.27,104972927,-1.879999999999995,-0.0067,0.33880202068799603
2019-05-30,279.03,62523780,0.75999999999999,0.0027,0.34245850372865
2019-05-31,275.27,86862782,-3.759999999999991,-0.0135,0.32436853500120205
2019-06-03,274.57,96427952,-0.6999999999999881,-0.0025,0.321000721674284
2019-06-04,280.53,77231889,5.9599999999999795,0.0217,0.349675246572047
2019-06-05,282.96,71169717,2.430000000000007,0.008700000000000001,0.36136636997834903
2019-06-06,284.8,69430381,1.840000000000031,0.006500000000000001,0.370218907866249
2019-06-07,287.65,74272199,2.849999999999966,0.01,0.38393071926870304
2019-06-10,288.97,60799053,1.32000000000005,0.0046,0.390281452970892
2019-06-11,288.9,58641325,-0.07000000000005001,-0.0002,0.3899446716382
2019-06-12,288.39,47096312,-0.50999999999999,-0.0018000000000000002,0.38749097907144503
2019-06-13,289.58,48945156,1.189999999999997,0.0041,0.39321626172720703
2019-06-14,289.26,52324716,-0.319999999999993,-0.0011,0.39167668992061505
2019-06-17,289.37,39205709,0.110000000000013,0.0004,0.39220591772913105
2019-06-18,292.4,85434823,3.029999999999972,0.0105,0.406783738272792
2019-06-19,293.06,78674377,0.660000000000025,0.0023,0.40995910512388706
2019-06-20,295.86,116570017,2.800000000000011,0.009600000000000001,0.423430358431561
2019-06-21,294.0,83309466,-1.8600000000000132,-0.0063,0.414481597305749
2019-06-24,293.64,47582730,-0.36000000000001303,-0.0012000000000000001,0.41274957902333403
2019-06-25,290.76,82028656,-2.879999999999995,-0.0098,0.398893432764012
2019-06-26,290.47,51584902,-0.289999999999963,-0.001,0.397498195814289
2019-06-27,291.5,40355239,1.029999999999972,0.0035,0.402453692566754
2019-06-28,293.0,59350929,1.5,0.0051,0.409670435410151
2019-07-01,295.66,79107474,2.660000000000025,0.0091,0.42246812605244105
2019-07-02,296.43,61504544,0.769999999999981,0.0026000000000000003,0.42617272071205203
2019-07-03,298.8,40898896,2.370000000000004,0.008,0.437575174404618
2019-07-05,298.46,51677326,-0.340000000000031,-0.0011,0.435939379360115
2019-07-08,296.82,45841772,-1.639999999999986,-0.0055000000000000005,0.42804907385133506
2019-07-09,297.19,41101279,0.37000000000000405,0.0012000000000000001,0.42982920375270606
2019-07-10,298.61,58595558,1.420000000000016,0.0048000000000000004,0.436661053644455
2019-07-11,299.31,50889481,0.6999999999999881,0.0023,0.44002886697137306
2019-07-12,300.65,40354410,1.339999999999975,0.0045000000000000005,0.44647582391147406
2019-07-15,300.75,33910261,0.100000000000022,0.00030000000000000003,0.44695694010103404
2019-07-16,299.71,40567964,-1.04000000000002,-0.0035,0.44195333172961204
2019-07-17,297.74,44102443,-1.96999999999997,-0.0066,0.43247534279528504
2019-07-18,298.83,51701687,1.089999999999975,0.0037,0.43771950926148606
2019-07-19,297.17,71081238,-1.6599999999999682,-0.0056,0.429732980514794
2019-07-22,297.9,43687404,0.729999999999961,0.0025,0.43324512869858
2019-07-23,300.03,44657973,2.129999999999995,0.007200000000000001,0.443492903536203
2019-07-24,301.44,47213232,1.410000000000025,0.0047,0.450276641808996
2019-07-25,300.0,55394092,-1.439999999999997,-0.0048000000000000004,0.44334856867933603
2019-07-26,302.01,45084077,2.009999999999991,0.0067,0.45301900408948703
2019-07-29,301.46,38126462,-0.550000000000011,-0.0018000000000000002,0.45037286504690804
2019-07-30,300.72,45849045,-0.739999999999952,-0.0025,0.44681260524416605
2019-07-31,297.43,104245162,-3.29000000000002,-0.0109,0.430983882607649
2019-08-01,294.84,142646576,-2.590000000000032,-0.008700000000000001,0.41852297329805105
2019-08-02,292.62,116749695,-2.21999999999997,-0.007500000000000001,0.407842193889824
2019-08-05,283.82,178745449,-8.800000000000011,-0.030100000000000002,0.36550396920856304
2019-08-06,287.8,120711682,3.980000000000018,0.014,0.38465239355304304
2019-08-07,287.97,140572265,0.170000000000015,0.0006000000000000001,0.385470291075294
2019-08-08,293.62,87713904,5.649999999999977,0.0196,0.412653355785422
2019-08-09,291.62,93729958,-2.0,-0.0068000000000000005,0.403031031994226
2019-08-12,288.07,65527632,-3.550000000000011,-0.0122,0.38595140726485405
2019-08-13,292.55,94792972,4.480000000000018,0.015600000000000001,0.407505412557132
2019-08-14,283.9,135622053,-8.650000000000034,-0.0296,0.36588886216021105
2019-08-15,284.65,101929845,0.75,0.0026000000000000003,0.369497233581909
2019-08-16,288.85,85825286,4.200000000000045,0.0148,0.38970411354342005
2019-08-19,292.33,53640153,3.479999999999961,0.012,0.406446956940101
2019-08-20,290.09,51652752,-2.240000000000009,-0.0077,0.395669954293961
2019-08-21,292.45,49723430,2.360000000000013,0.0081,0.40702429636757204
2019-08-22,292.36,51739292,-0.089999999999974,-0.00030000000000000003,0.406591291796969
2019-08-23,284.85,149318151,-7.509999999999991,-0.0257,0.370459465961029
2019-08-26,288.0,72620598,3.149999999999977,0.0111,0.385614625932162
2019-08-27,286.87,68262998,-1.129999999999995,-0.0039000000000000003,0.38017801299013704
2019-08-28,288.89,59852324,2.019999999999982,0.007,0.38989656001924405
2019-08-29,292.58,57998913,3.689999999999997,0.0128,0.407649747414
2019-08-30,292.45,62961780,-0.129999999999995,-0.0004,0.40702429636757204
2019-09-03,290.74,69231875,-1.709999999999979,-0.0058000000000000005,0.39879720952610004
2019-09-04,294.04,47003957,3.300000000000011,0.0114,0.414674043781573
2019-09-05,297.82,83356779,3.779999999999972,0.0129,0.43286023574693205
2019-09-06,298.05,49584290,0.23000000000001802,0.0008,0.43396680298292
2019-09-09,298.2,51260290,0.149999999999977,0.0005,0.43468847726726
2019-09-10,298.13,57947101,-0.06999999999999301,-0.0002,0.434351695934568
2019-09-11,300.25,68821066,2.120000000000004,0.0071,0.444551359153235
2019-09-12,301.29,72908745,1.04000000000002,0.0035,0.449554967524657
2019-09-13,301.09,62104838,-0.200000000000045,-0.0007,0.44859273514553705
2019-09-16,300.16,58191175,-0.92999999999995,-0.0031000000000000003,0.44411835458263105
2019-09-17,300.92,42904427,0.75999999999999,0.0025,0.447774837623286
2019-09-18,301.1,74192091,0.18000000000000602,0.0006000000000000001,0.44864084676449306
2019-09-19,301.08,78099215,-0.020000000000038,-0.0001,0.44854462352658103
2019-09-20,298.28,97455979,-2.800000000000011,-0.009300000000000001,0.435073370218907
2019-09-23,298.21,47541321,-0.06999999999999301,-0.0002,0.434736588886215
2019-09-24,295.87,97367568,-2.339999999999975,-0.0078000000000000005,0.42347847005051703
2019-09-25,297.62,73434081,1.75,0.0059,0.43189800336781303
2019-09-26,297.0,58722357,-0.6200000000000041,-0.0021000000000000003,0.42891508299254205
2019-09-27,295.4,84781110,-1.600000000000022,-0.0054,0.42121722395958605
2019-09-30,296.77,52562761,1.370000000000004,0.0046,0.42780851575655504
2019-10-01,293.24,89900420,-3.529999999999972,-0.0119,0.41082511426509505
2019-10-02,288.06,124523974,-5.180000000000007,-0.0177,0.38590329564589804
2019-10-03,290.42,85906799,2.360000000000013,0.0082,0.397257637719509
2019-10-04,294.35,66700681,3.930000000000007,0.0135,0.41616550396920804
2019-10-07,293.08,60656561,-1.270000000000038,-0.0043,0.41005532836179903
2019-10-08,288.53,101575470,-4.550000000000011,-0.0155,0.388164541736829
2019-10-09,291.27,65707329,2.740000000000009,0.0095,0.40134712533076705
2019-10-10,293.24,57255974,1.970000000000027,0.0068000000000000005,0.41082511426509505
2019-10-11,296.28,101228577,3.039999999999963,0.010400000000000001,0.42545104642771203
2019-10-14,295.95,40546668,-0.32999999999998403,-0.0011,0.42386336300216504
2019-10-15,298.88,47832356,2.930000000000007,0.0099,0.437960067356266
2019-10-16,298.4,50563596,-0.480000000000018,-0.0016,0.43565070964637903
2019-10-17,299.28,46784885,0.8799999999999951,0.0029000000000000002,0.439884532114505
2019-10-18,297.97,64338028,-1.309999999999945,-0.0044,0.43358191003127206
2019-10-21,299.99,39460901,2.019999999999982,0.0068000000000000005,0.44330045706038
2019-10-22,299.01,49126038,-0.9800000000000181,-0.0033,0.43858551840269405
2019-10-23,299.88,34991829,0.8700000000000041,0.0029000000000000002,0.442771229251864
2019-10-24,300.37,35857459,0.49000000000000904,0.0016,0.445128698580707
2019-10-25,301.6,45205412,1.230000000000018,0.0041,0.45104642771229203
2019-10-28,303.3,42146965,1.6999999999999882,0.0056,0.459225402934808
2019-10-29,303.21,44284921,-0.09000000000003101,-0.00030000000000000003,0.45879239836420405
2019-10-30,304.14,49643928,0.930000000000006,0.0031000000000000003,0.46326677892711005
2019-10-31,303.33,69053791,-0.810000000000002,-0.0027,0.45936973779167606
2019-11-01,306.14,71141515,2.8100000000000023,0.009300000000000001,0.47288910271830603
2019-11-04,307.37,60606916,1.230000000000018,0.004,0.47880683184989103
2019-11-05,307.03,42933219,-0.340000000000031,-0.0011,0.477171036805388
2019-11-06,307.1,46487108,0.07000000000005001,0.0002,0.47750781813808
2019-11-07,308.18,54272274,1.079999999999984,0.0035,0.482703872985326
2019-11-08,308.94,49068797,0.75999999999999,0.0025,0.48636035602598005
2019-11-11,308.35,35934909,-0.5899999999999751,-0.0019,0.48352177050757705
2019-11-12,309.0,46484624,0.649999999999977,0.0021000000000000003,0.486649025739716
2019-11-13,309.1,54459018,0.100000000000022,0.00030000000000000003,0.48713014192927606
2019-11-14,309.55,52001874,0.449999999999988,0.0015,0.489295164782295
2019-11-15,311.79,62706192,2.240000000000009,0.007200000000000001,0.5000721674284341
2019-11-18,312.02,49327980,0.229999999999961,0.0007,0.5011787346644211
2019-11-19,311.93,67927818,-0.089999999999974,-0.00030000000000000003,0.5007457300938171
2019-11-20,310.77,79696276,-1.160000000000025,-0.0037,0.49516478229492406
2019-11-21,310.27,54664690,-0.5,-0.0016,0.49275920134712503
2019-11-22,310.96,44850228,0.6899999999999971,0.0022,0.49607890305508706
2019-11-25,313.37,48762676,2.410000000000025,0.0078000000000000005,0.507673803223478
2019-11-26,314.08,37727953,0.7099999999999791,0.0023,0.511089728169352
2019-11-27,315.48,44793179,1.400000000000034,0.0045000000000000005,0.517825354823189
2019-11-29,314.31,36592740,-1.170000000000016,-0.0037,0.5121962954053401
2019-12-02,311.64,76110027,-2.670000000000016,-0.0085,0.499350493144094
2019-12-03,309.55,75172709,-2.089999999999975,-0.0067,0.489295164782295
2019-12-04,311.46,49190402,1.9099999999999682,0.006200000000000001,0.49848448400288603
2019-12-05,312.02,40781669,0.560000000000002,0.0018000000000000002,0.5011787346644211
2019-12-06,314.87,48956767,2.850000000000022,0.0091,0.514890546066875
2019-12-09,313.88,34904315,-0.9900000000000091,-0.0031000000000000003,0.5101274957902331
2019-12-10,313.53,53107133,-0.350000000000022,-0.0011,0.508443589126774
2019-12-11,314.42,53521450,0.8900000000000431,0.0028,0.512725523213856
2019-12-12,317.13,96585802,2.709999999999979,0.0086,0.525763771950926
2019-12-13,317.32,81546487,0.189999999999997,0.0006000000000000001,0.526677892711089
2019-12-16,319.5,82836128,2.180000000000007,0.006900000000000001,0.537166225643492
2019-12-17,319.57,61131769,0.06999999999999301,0.0002,0.537503006976184
2019-12-18,319.59,48199955,0.019999999999981,0.0001,0.5375992302140961
2019-12-19,320.9,85388424,1.310000000000002,0.0041,0.543901852297329
2019-12-20,320.73,149338215,-0.16999999999995902,-0.0005,0.5430839547750781
2019-12-23,321.22,53015641,0.49000000000000904,0.0015,0.545441424103921
2019-12-24,321.23,20270007,0.009999999999990001,0.0,0.5454895357228771
2019-12-26,322.94,31024188,1.709999999999979,0.0053,0.5537166225643491
2019-12-27,322.86,42554820,-0.079999999999984,-0.0002,0.553331729612701
2019-12-30,321.08,49782730,-1.7800000000000291,-0.0055000000000000005,0.5447678614385371
2019-12-31,321.86,57106998,0.7800000000000291,0.0024000000000000002,0.548520567717103
2020-01-02,324.87,59253833,3.009999999999991,0.0094,0.563002165022853
2020-01-03,322.41,77783121,-2.459999999999979,-0.0076,0.551166706759682
2020-01-06,323.64,55761948,1.229999999999961,0.0038,0.557084435891267
2020-01-07,322.73,42854811,-0.9099999999999681,-0.0028,0.5527062785662731
2020-01-08,324.45,68434153,1.71999999999997,0.0053,0.5609814770267021
2020-01-09,326.65,48569601,2.199999999999988,0.0068000000000000005,0.571566033197017
2020-01-10,325.71,53057389,-0.9399999999999971,-0.0029000000000000002,0.5670435410151551
2020-01-13,327.95,47262010,2.240000000000009,0.006900000000000001,0.5778205436612941
2020-01-14,327.45,63036384,-0.5,-0.0015,0.575414962713495
2020-01-15,328.19,72056598,0.7400000000000091,0.0023,0.578975222516237
2020-01-16,330.92,54050328,2.730000000000018,0.0083,0.5921096944912191
2020-01-17,331.95,95846017,1.029999999999972,0.0031000000000000003,0.5970651912436851
2020-01-21,331.3,77742415,-0.649999999999977,-0.002,0.5939379360115461
2020-01-22,331.34,48914899,0.039999999999963,0.0001,0.59413038248737
2020-01-23,331.72,51962994,0.380000000000052,0.0011,0.5959586240076981
2020-01-24,328.77,87578442,-2.950000000000045,-0.0089,0.5817656964156841
2020-01-27,323.5,84062463,-5.269999999999982,-0.016,0.556410873225884
2020-01-28,326.89,63833953,3.389999999999986,0.0105,0.5727207120519601
2020-01-29,326.62,54040889,-0.26999999999998103,-0.0008,0.571421698340149
2020-01-30,327.68,75491844,1.060000000000002,0.0032,0.576521529949482
2020-01-31,321.73,113845576,-5.949999999999989,-0.0182,0.547895116670676
2020-02-03,324.12,69242293,2.389999999999986,0.0074,0.559393793601154
2020-02-04,329.06,62573190,4.939999999999998,0.0152,0.5831609333654071
2020-02-05,332.86,65951146,3.800000000000011,0.0115,0.6014433485686791
2020-02-06,333.98,50359688,1.120000000000004,0.0034000000000000002,0.6068318498917491
2020-02-07,332.2,64139443,-1.7800000000000291,-0.0053,0.598267981717584
2020-02-10,334.68,42070006,2.480000000000018,0.007500000000000001,0.610199663218667
2020-02-11,335.26,54864533,0.5799999999999841,0.0017000000000000001,0.612990137118114
2020-02-12,337.42,43992662,2.160000000000025,0.0064,0.623382246812605
2020-02-13,337.06,54501922,-0.36000000000001303,-0.0011,0.62165022853019
2020-02-14,337.6,64582210,0.54000000000002,0.0016,0.6242482559538131
2020-02-18,336.73,57342526,-0.8700000000000041,-0.0026000000000000003,0.6200625451046421
2020-02-19,338.34,48814692,1.609999999999956,0.0048000000000000004,0.627808515756555
2020-02-20,336.95,74163362,-1.389999999999986,-0.0041,0.6211210007216741
2020-02-21,333.48,113788208,-3.46999999999997,-0.0103,0.60442626894395
2020-02-24,322.42,161088409,-11.060000000000002,-0.0332,0.5512148183786381
2020-02-25,312.65,218913168,-9.770000000000039,-0.0303,0.504209766658648
2020-02-26,311.5,194773819,-1.149999999999977,-0.0037,0.49867693047871003
2020-02-27,297.51,284353459,-13.990000000000009,-0.0449,0.43136877555929704
2020-02-28,296.26,385764020,-1.25,-0.004200000000000001,0.42535482318980006
2020-03-02,309.09,238703625,12.829999999999984,0.043300000000000005,0.48708203031031905
2020-03-03,300.24,300139149,-8.849999999999966,-0.0286,0.44450324753427906
2020-03-04,312.86,176613448,12.620000000000005,0.042,0.505220110656723
2020-03-05,302.46,186366809,-10.400000000000034,-0.0332,0.45518402694250604
2020-03-06,297.46,228667168,-5.0,-0.0165,0.431128217464517
2020-03-09,274.23,309417349,-23.22999999999996,-0.0781,0.319364926629781
2020-03-10,288.42,276444058,14.189999999999998,0.0517,0.387635313928313
2020-03-11,274.36,256416563,-14.060000000000002,-0.0487,0.319990377676208
2020-03-12,248.11,392220669,-26.25,-0.09570000000000001,0.19369737791676703
2020-03-13,269.32,329566100,21.20999999999998,0.0855,0.295742121722395
2020-03-16,239.85,297240027,-29.47,-0.10940000000000001,0.153957180659129
2020-03-17,252.8,262070471,12.950000000000017,0.054,0.21626172720712003
2020-03-18,240.0,327597131,-12.800000000000011,-0.0506,0.154678854943468
2020-03-19,240.51,289322037,0.50999999999999,0.0021000000000000003,0.15713254751022301
2020-03-20,228.8,347158794,-11.70999999999998,-0.0487,0.100793841712773
2020-03-23,222.95,326025169,-5.850000000000023,-0.0256,0.072648544623526
2020-03-24,243.15,235494475,20.200000000000017,0.0906,0.169834014914601
2020-03-25,246.79,299430255,3.639999999999986,0.015,0.187346644214577
2020-03-26,261.2,257632816,14.409999999999997,0.0584,0.25667548713014104
2020-03-27,253.42,224341217,-7.780000000000001,-0.0298,0.219244647582391
2020-03-30,261.65,170961866,8.22999999999999,0.0325,0.25884050998316
2020-03-31,257.75,194881060,-3.8999999999999773,-0.0149,0.24007697859032903
2020-04-01,246.15,189554623,-11.599999999999994,-0.045,0.18426750060139502
2020-04-02,251.83,177660430,5.680000000000007,0.023100000000000002,0.21159490016839003
2020-04-03,248.19,135561171,-3.640000000000015,-0.0145,0.194082270868414
2020-04-06,264.86,188061238,16.670000000000016,0.06720000000000001,0.274284339668029
2020-04-07,265.13,201427189,0.26999999999998103,0.001,0.275583353379841
2020-04-08,274.03,153774487,8.899999999999977,0.033600000000000005,0.31840269425066103
2020-04-09,278.2,190282705,4.170000000000016,0.0152,0.33846523935530404
2020-04-13,275.66,114839053,-2.539999999999963,-0.0091,0.326244888140486
2020-04-14,283.79,134143350,8.129999999999995,0.029500000000000002,0.36535963435169605
2020-04-15,277.76,121775006,-6.03000000000003,-0.0212,0.33634832812124105
2020-04-16,279.1,131798325,1.340000000000031,0.0048000000000000004,0.34279528506134205
2020-04-17,286.64,146684784,7.539999999999964,0.027,0.37907144575414903
2020-04-20,281.59,100109285,-5.050000000000011,-0.0176,0.35477507818138004
2020-04-21,273.04,126385698,-8.549999999999955,-0.0304,0.313639643974019
2020-04-22,279.1,93524584,6.060000000000002,0.0222,0.34279528506134205
2020-04-23,279.08,104709693,-0.020000000000038,-0.0001,0.34269906182343
2020-04-24,282.97,85165953,3.890000000000043,0.013900000000000001,0.36141448159730505
2020-04-27,287.05,77896608,4.079999999999984,0.014400000000000001,0.38104402213134403
2020-04-28,285.73,105269985,-1.319999999999993,-0.0046,0.374693288429155
2020-04-29,293.21,118745579,7.479999999999961,0.0262,0.41068077940822706
2020-04-30,290.48,122901701,-2.729999999999961,-0.009300000000000001,0.39754630743324504
2020-05-01,282.79,125180028,-7.689999999999998,-0.026500000000000003,0.360548472456098
2020-05-04,283.57,80873213,0.779999999999972,0.0028,0.36430117873466406
2020-05-05,286.19,79569938,2.620000000000004,0.0092,0.37690642290113
2020-05-06,284.25,73632628,-1.939999999999997,-0.0068000000000000005,0.36757276882367
2020-05-07,287.68,75250412,3.430000000000007,0.012100000000000001,0.384075054125571
2020-05-08,292.44,76622128,4.759999999999991,0.0165,0.406976184748616
2020-05-11,292.5,79514231,0.060000000000002,0.0002,0.40726485446235206
2020-05-12,286.67,95870786,-5.829999999999984,-0.0199,0.379215780611017
2020-05-13,281.6,144721099,-5.069999999999993,-0.0177,0.354823189800336
2020-05-14,284.97,121977890,3.370000000000004,0.012,0.37103680538850103
2020-05-15,286.28,111146276,1.309999999999945,0.0046,0.37733942747173405
2020-05-18,295.0,120320229,8.720000000000027,0.030500000000000003,0.419292759201347
2020-05-19,291.97,95189316,-3.029999999999972,-0.0103,0.40471493865768604
2020-05-20,296.93,85861691,4.9599999999999795,0.017,0.42857830165985006
2020-05-21,294.88,78293925,-2.050000000000011,-0.006900000000000001,0.41871541977387505
2020-05-22,295.44,63958200,0.560000000000002,0.0019,0.42140967043541006
2020-05-26,299.08,88951442,3.639999999999986,0.0123,0.43892229973538605
2020-05-27,303.53,104817449,4.449999999999989,0.0149,0.460331970170796
2020-05-28,302.97,90767807,-0.5599999999999451,-0.0018000000000000002,0.457637719509261
2020-05-29,304.32,119265702,1.349999999999966,0.0045000000000000005,0.46413278806831804
2020-06-01,305.55,56779836,1.230000000000018,0.004,0.47005051719990304
2020-06-02,308.08,74267162,2.529999999999972,0.0083,0.48222275679576604
2020-06-03,312.18,92567574,4.100000000000023,0.013300000000000001,0.501948520567717
2020-06-04,311.36,75794363,-0.8199999999999931,-0.0026000000000000003,0.49800336781332705
2020-06-05,319.34,150524674,7.979999999999961,0.0256,0.536396439740197
2020-06-08,323.2,73641217,3.860000000000013,0.012100000000000001,0.554967524657204
2020-06-09,320.79,77479228,-2.409999999999968,-0.007500000000000001,0.5433726244888141
2020-06-10,319.0,95000766,-1.79000000000002,-0.0056,0.5347606446956941
2020-06-11,300.61,209243560,-18.389999999999986,-0.057600000000000005,0.44628337743565005
2020-06-12,304.21,194678879,3.599999999999966,0.012,0.46360356025980204
2020-06-15,307.05,135782724,2.840000000000032,0.009300000000000001,0.47726726004330006
2020-06-16,312.96,137627502,5.909999999999968,0.019200000000000002,0.505701226846283
2020-06-17,311.66,83398944,-1.299999999999954,-0.004200000000000001,0.49944671638200605
2020-06-18,311.78,80828658,0.11999999999994701,0.0004,0.5000240558094781
2020-06-19,308.64,135549624,-3.139999999999986,-0.010100000000000001,0.48491700745730004
2020-06-22,310.62,74649389,1.9800000000000182,0.0064,0.49444310801058405
2020-06-23,312.05,68471246,1.430000000000006,0.0046,0.501323069521289
2020-06-24,304.09,132813492,-7.960000000000036,-0.025500000000000002,0.46302622083233
2020-06-25,307.35,89467968,3.260000000000047,0.010700000000000001,0.47871060861197906
2020-06-26,300.05,127961017,-7.300000000000011,-0.0238,0.44358912677411605
2020-06-29,304.46,79773260,4.409999999999968,0.014700000000000001,0.464806350733702
2020-06-30,308.36,113394772,3.900000000000034,0.0128,0.483569882126533
2020-07-01,310.52,72396542,2.159999999999968,0.007,0.493961991821024
2020-07-02,312.23,69344217,1.710000000000036,0.0055000000000000005,0.5021890786624971
2020-07-06,317.05,61713828,4.819999999999993,0.0154,0.525378878999278
2020-07-07,313.78,82909963,-3.270000000000038,-0.0103,0.509646379600673
2020-07-08,316.18,54638596,2.400000000000034,0.0076,0.5211931681501081
2020-07-09,314.38,83354158,-1.800000000000011,-0.0057,0.5125330767380321
2020-07-10,317.59,57550365,3.209999999999979,0.0102,0.5279769064229011
2020-07-13,314.84,102997484,-2.75,-0.008700000000000001,0.5147462112100071
2020-07-14,318.92,93656951,4.080000000000041,0.013000000000000001,0.5343757517440461
2020-07-15,321.85,87196524,2.930000000000007,0.0092,0.548472456098147
2020-07-16,320.79,54622520,-1.060000000000002,-0.0033,0.5433726244888141
2020-07-17,321.72,62774911,0.930000000000006,0.0029000000000000002,0.54784700505172
2020-07-20,324.32,56308849,2.599999999999966,0.0081,0.560356025980274
2020-07-21,325.01,57498967,0.6899999999999971,0.0021000000000000003,0.563675727688236
2020-07-22,326.86,57792915,1.850000000000022,0.0057,0.572576377195092
2020-07-23,322.96,75737989,-3.900000000000034,-0.0119,0.5538128458022611
2020-07-24,320.88,73766597,-2.079999999999984,-0.0064,0.5438056290594171
2020-07-27,323.22,48292970,2.340000000000032,0.0073,0.555063747895116
2020-07-28,321.17,57494979,-2.050000000000011,-0.0063,0.5452008660091411
2020-07-29,325.12,48454159,3.949999999999988,0.0123,0.5642049554967521
2020-07-30,323.96,61861714,-1.160000000000025,-0.0036000000000000003,0.558624007697859
2020-07-31,326.52,85210755,2.5600000000000023,0.0079,0.5709405821505891
2020-08-03,328.79,53077948,2.270000000000038,0.007,0.581861919653596
2020-08-04,330.06,41917893,1.269999999999981,0.0039000000000000003,0.587972095261005
2020-08-05,332.11,42866354,2.050000000000011,0.006200000000000001,0.5978349771469811
2020-08-06,334.33,43679447,2.21999999999997,0.0067,0.6085157565552081
2020-08-07,334.57,57308270,0.240000000000009,0.0007,0.6096704354101511
2020-08-10,335.57,44282089,1.0,0.003,0.614481597305749
2020-08-11,332.8,69601087,-2.769999999999982,-0.0083,0.601154678854943
2020-08-12,337.44,53826128,4.639999999999986,0.013900000000000001,0.623478470050517
2020-08-13,336.83,41816146,-0.6100000000000131,-0.0018000000000000002,0.620543661294202
2020-08-14,336.84,47260390,0.009999999999990001,0.0,0.620591772913158
2020-08-17,337.91,35480974,1.07000000000005,0.0032,0.6257397161414481
2020-08-18,338.64,38733908,0.729999999999961,0.0022,0.6292518643252341
2020-08-19,337.23,68054244,-1.4099999999999682,-0.004200000000000001,0.6224681260524411
2020-08-20,338.28,42207826,1.049999999999954,0.0031000000000000003,0.6275198460428191
2020-08-21,339.48,55106628,1.200000000000045,0.0035,0.6332932403175361
2020-08-24,342.92,48588662,3.439999999999997,0.010100000000000001,0.649843637238393
2020-08-25,344.12,38463381,1.199999999999988,0.0035,0.65561703151311
2020-08-26,347.57,50790237,3.449999999999988,0.01,0.6722155400529221
2020-08-27,348.33,58034142,0.75999999999999,0.0022,0.6758720230935771
2020-08-28,350.58,48588940,2.25,0.006500000000000001,0.6866971373586721
2020-08-31,349.31,66099183,-1.269999999999981,-0.0036000000000000003,0.6805869617512631
2020-09-01,352.6,54999325,3.29000000000002,0.0094,0.696415684387779
2020-09-02,357.7,69540035,5.099999999999966,0.0145,0.7209526100553281
2020-09-03,345.39,148011129,-12.310000000000002,-0.0344,0.661727207120519
2020-09-04,342.57,139156281,-2.819999999999993,-0.0082,0.648159730574933
2020-09-08,333.21,114465322,-9.360000000000014,-0.0273,0.6031272552321381
2020-09-09,339.79,91462290,6.580000000000041,0.019700000000000002,0.634784700505172
2020-09-10,333.89,90569548,-5.900000000000034,-0.017400000000000002,0.6063988453211451
2020-09-11,334.06,84680194,0.170000000000015,0.0005,0.607216742843396
2020-09-14,338.46,65605686,4.399999999999977,0.0132,0.628385855184026
2020-09-15,340.17,52920862,1.710000000000036,0.0051,0.636612942025499
2020-09-16,338.82,82211256,-1.350000000000022,-0.004,0.6301178734664421
2020-09-17,335.84,91523339,-2.980000000000018,-0.0088,0.6157806110175601
2020-09-18,330.65,105877942,-5.189999999999998,-0.0155,0.590810680779408
2020-09-21,326.97,99450829,-3.67999999999995,-0.0111,0.5731056050036081
2020-09-22,330.3,63612107,3.329999999999984,0.0102,0.589126774115949
2020-09-23,322.64,93112240,-7.660000000000025,-0.023200000000000002,0.5522732739956691
2020-09-24,323.5,76681332,0.8600000000000131,0.0027,0.556410873225884
2020-09-25,328.73,71069426,5.230000000000018,0.0162,0.58157324993986
2020-09-28,334.19,64584614,5.459999999999979,0.0166,0.6078421938898241
2020-09-29,332.37,51531594,-1.8199999999999932,-0.0054,0.599085879239836
2020-09-30,334.89,104081136,2.519999999999982,0.0076,0.611210007216742
2020-10-01,337.04,88698745,2.150000000000034,0.0064,0.621554005292278
2020-10-02,333.84,89431112,-3.200000000000045,-0.0095,0.606158287226365
2020-10-05,339.76,45713108,5.920000000000016,0.0177,0.6346403656483041
2020-10-06,334.93,90128883,-4.829999999999984,-0.0142,0.6114024536925661
2020-10-07,340.76,56999597,5.829999999999984,0.017400000000000002,0.639451527543901
2020-10-08,343.78,45242476,3.019999999999982,0.0089,0.6539812364686071
2020-10-09,346.85,59528606,3.07000000000005,0.0089,0.6687515034880921
2020-10-12,352.43,80388533,5.579999999999984,0.0161,0.6955977868655281
2020-10-13,350.13,73255513,-2.300000000000011,-0.006500000000000001,0.6845321145056531
2020-10-14,347.93,57958749,-2.199999999999988,-0.0063,0.673947558335338
2020-10-15,347.5,60357659,-0.43000000000000604,-0.0012000000000000001,0.6718787587202311
2020-10-16,347.29,89501868,-0.209999999999979,-0.0006000000000000001,0.6708684147221551
2020-10-19,342.01,68425614,-5.28000000000003,-0.0152,0.6454654799133991
2020-10-20,343.38,60051880,1.370000000000004,0.004,0.652056771710368
2020-10-21,342.73,63574979,-0.649999999999977,-0.0019,0.648929516478229
2020-10-22,344.61,55399292,1.879999999999995,0.0055000000000000005,0.6579745008419531
2020-10-23,345.78,49143931,1.169999999999959,0.0034000000000000002,0.663603560259802
2020-10-26,339.39,91473002,-6.389999999999986,-0.018500000000000003,0.6328602357469321
2020-10-27,338.22,65994108,-1.169999999999959,-0.0034000000000000002,0.6272311763290831
2020-10-28,326.66,127094307,-11.560000000000002,-0.0342,0.5716141448159731
2020-10-29,329.98,90597689,3.319999999999993,0.0102,0.587587202309357
2020-10-30,326.54,120448685,-3.439999999999997,-0.010400000000000001,0.571036805388501
2020-11-02,330.2,86068299,3.659999999999968,0.0112,0.588645657926389
2020-11-03,336.03,93294192,5.829999999999984,0.0177,0.616694731777724
2020-11-04,343.54,126959700,7.510000000000048,0.0223,0.652826557613663
2020-11-05,350.24,82039749,6.699999999999989,0.0195,0.685061342314168
2020-11-06,350.16,74972973,-0.079999999999984,-0.0002,0.684676449362521
2020-11-09,354.56,172304203,4.399999999999977,0.0126,0.705845561703151
2020-11-10,354.04,85552022,-0.519999999999981,-0.0015,0.70334375751744
2020-11-11,356.67,58649048,2.629999999999995,0.0074,0.7159971133028621
2020-11-12,353.21,68118563,-3.460000000000036,-0.0097,0.699350493144094
2020-11-13,358.1,62959429,4.890000000000043,0.013800000000000002,0.7228770748135671
2020-11-16,362.57,74541138,4.46999999999997,0.0125,0.744382968486889
2020-11-17,360.62,66111009,-1.9499999999999882,-0.0054,0.7350012027904741
2020-11-18,356.28,70591299,-4.340000000000032,-0.012,0.7141207601635791
2020-11-19,357.78,59940947,1.5,0.004200000000000001,0.7213375030069761
2020-11-20,355.33,70411890,-2.449999999999988,-0.0068000000000000005,0.7095501563627611
2020-11-23,357.46,63230608,2.129999999999995,0.006,0.719797931200384
2020-11-24,363.22,62415877,5.760000000000048,0.0161,0.7475102237190281
2020-11-25,362.66,45330890,-0.560000000000002,-0.0015,0.744815973057493
2020-11-27,363.67,28514072,1.009999999999991,0.0028,0.7496752465720471
2020-11-30,362.06,83872709,-1.6100000000000132,-0.0044,0.741929275920134
2020-12-01,366.02,74504969,3.959999999999979,0.0109,0.760981477026701
2020-12-02,366.79,45927000,0.7700000000000381,0.0021000000000000003,0.7646860716863121
2020-12-03,366.69,62881998,-0.100000000000022,-0.00030000000000000003,0.764204955496752
2020-12-04,369.85,50749859,3.160000000000025,0.0086,0.7794082270868411
2020-12-07,369.09,48944269,-0.7600000000000471,-0.0021000000000000003,0.7757517440461871
2020-12-08,370.17,42458859,1.080000000000041,0.0029000000000000002,0.780947798893432
2020-12-09,366.85,74098312,-3.319999999999993,-0.009000000000000001,0.7649747414000481
2020-12-10,366.73,57735353,-0.120000000000004,-0.00030000000000000003,0.7643974019725761
2020-12-11,366.3,57698614,-0.43000000000000604,-0.0012000000000000001,0.762328602357469
2020-12-14,364.66,69216174,-1.639999999999986,-0.0045000000000000005,0.754438296848689
2020-12-15,369.59,64071099,4.92999999999995,0.0135,0.778157324993985
2020-12-16,370.17,58420517,0.58000000000004,0.0016,0.780947798893432
2020-12-17,372.24,64119472,2.069999999999993,0.0056,0.7909069040173201
2020-12-18,369.18,136542328,-3.060000000000002,-0.0082,0.7761847486167911
2020-12-21,367.86,96386745,-1.319999999999993,-0.0036000000000000003,0.769834014914602
2020-12-22,367.24,48388462,-0.6200000000000041,-0.0017000000000000001,0.7668510945393311
2020-12-23,367.57,46201402,0.32999999999998403,0.0009000000000000001,0.768438777964878
2020-12-24,369.0,26457853,1.430000000000006,0.0039000000000000003,0.775318739475583
2020-12-28,372.17,39000402,3.170000000000016,0.0086,0.790570122684628
2020-12-29,371.46,53680451,-0.710000000000036,-0.0019,0.7871541977387531
2020-12-30,371.99,49455259,0.530000000000029,0.0014,0.7897041135434201
2020-12-31,373.88,78520702,1.889999999999986,0.0051,0.7987972095261001
2021-01-04,368.79,110210810,-5.089999999999975,-0.013600000000000001,0.7743083954775081
2021-01-05,371.33,66426229,2.539999999999963,0.006900000000000001,0.7865287466923261
2021-01-06,373.55,107997675,2.220000000000027,0.006,0.7972095261005531
2021-01-07,379.1,68766812,5.550000000000011,0.0149,0.823911474621121
2021-01-08,381.26,71677208,2.159999999999968,0.0057,0.834303584315612
2021-01-11,378.69,51176719,-2.569999999999993,-0.0067,0.8219388982439261
2021-01-12,378.77,52547716,0.079999999999984,0.0002,0.8223237911955731
2021-01-13,379.79,45303619,1.020000000000038,0.0027,0.827231176329083
2021-01-14,378.46,49989113,-1.330000000000041,-0.0035,0.8208323310079381
2021-01-15,375.7,107159962,-2.759999999999991,-0.0073,0.8075535241760881
2021-01-19,378.65,51233300,2.949999999999988,0.0079,0.821746451768101
2021-01-20,383.89,61836062,5.240000000000009,0.013800000000000002,0.8469569401010341
2021-01-21,384.24,47955809,0.350000000000022,0.0009000000000000001,0.848640846764493
2021-01-22,382.88,52136931,-1.360000000000013,-0.0035,0.8420976665864801
2021-01-25,384.39,70401971,1.509999999999991,0.0039000000000000003,0.849362521048833
2021-01-26,383.79,42665281,-0.599999999999965,-0.0016,0.846475823911474
2021-01-27,374.41,123351078,-9.379999999999995,-0.0244,0.801347125330767
2021-01-28,377.63,94198104,3.21999999999997,0.0086,0.816839066634592
2021-01-29,370.07,126765121,-7.560000000000002,-0.02,0.7804666827038731
2021-02-01,376.23,75817597,6.160000000000025,0.0166,0.8101034399807551
2021-02-02,381.55,64450662,5.319999999999993,0.014100000000000001,0.835698821265335
2021-02-03,381.85,52427090,0.30000000000001104,0.0008,0.837142169834015
2021-02-04,386.19,47142555,4.339999999999975,0.0114,0.858022612460909
2021-02-05,387.71,48669773,1.519999999999981,0.0039000000000000003,0.8653355785422171
2021-02-08,390.51,38365185,2.800000000000011,0.007200000000000001,0.8788068318498911
2021-02-09,390.25,35551059,-0.25999999999999,-0.0007,0.8775559297570361
2021-02-10,390.08,59154370,-0.170000000000015,-0.0004,0.8767380322347841
2021-02-11,390.71,42913288,0.629999999999995,0.0016,0.879769064229011
2021-02-12,392.64,50593270,1.930000000000006,0.0049,0.889054606687515
2021-02-16,392.3,50972366,-0.33999999999997504,-0.0009000000000000001,0.8874188116430111
2021-02-17,392.39,52806681,0.089999999999974,0.0002,0.8878518162136151
2021-02-18,390.72,59712773,-1.669999999999959,-0.0043,0.879817175847967
2021-02-19,390.03,83240971,-0.690000000000054,-0.0018000000000000002,0.8764974741400041
2021-02-22,387.03,67414170,-3.0,-0.0077,0.8620639884532111
2021-02-23,387.5,107284127,0.47000000000002706,0.0012000000000000001,0.8643252345441421
2021-02-24,391.77,72433946,4.269999999999982,0.011,0.884868895838344
2021-02-25,382.33,146670499,-9.439999999999998,-0.0241,0.8394515275439011
2021-02-26,380.36,152701639,-1.96999999999997,-0.005200000000000001,0.829973538609574
2021-03-01,389.58,105348798,9.21999999999997,0.024200000000000003,0.8743324512869851
2021-03-02,386.54,79595332,-3.039999999999963,-0.0078000000000000005,0.859706519124368
2021-03-03,381.42,119940211,-5.120000000000004,-0.0132,0.835073370218908
2021-03-04,376.7,183433020,-4.720000000000027,-0.012400000000000001,0.8123646860716861
2021-03-05,383.63,152039624,6.930000000000007,0.0184,0.8457060380081791
2021-03-08,381.72,123149245,-1.9099999999999682,-0.005,0.836516718787587
2021-03-09,387.17,113633556,5.449999999999989,0.0143,0.8627375511185951
2021-03-10,389.58,109899410,2.409999999999968,0.006200000000000001,0.8743324512869851
2021-03-11,393.53,86245040,3.949999999999988,0.010100000000000001,0.8933365407745971
2021-03-12,394.06,64653565,0.530000000000029,0.0013000000000000002,0.895886456579263
2021-03-15,396.41,73592302,2.350000000000022,0.006,0.9071926870339181
2021-03-16,395.91,73722506,-0.5,-0.0013000000000000002,0.90478710608612
2021-03-17,397.26,97959265,1.349999999999966,0.0034000000000000002,0.911282174645176
2021-03-18,391.48,115349101,-5.779999999999973,-0.0145,0.8834736588886211
2021-03-19,389.48,113624490,-2.0,-0.0051,0.8738513350974261
2021-03-22,392.59,73778646,3.109999999999957,0.008,0.888814048592735
2021-03-23,389.5,90686552,-3.089999999999975,-0.0079,0.8739475583353381
2021-03-24,387.52,97588644,-1.9800000000000182,-0.0051,0.864421457782054
2021-03-25,389.7,116128622,2.180000000000007,0.0056,0.8749097907144571
2021-03-26,395.98,114409114,6.28000000000003,0.0161,0.9051238874188111
2021-03-29,395.78,108107626,-0.200000000000045,-0.0005,0.904161655039692
2021-03-30,394.73,76262249,-1.049999999999954,-0.0027,0.899109935049314
2021-03-31,396.33,112734214,1.599999999999966,0.0041,0.9068077940822701
2021-04-01,400.61,99682876,4.28000000000003,0.0108,0.927399566995429
2021-04-05,406.36,91684764,5.75,0.014400000000000001,0.955063747895116
2021-04-06,406.12,62020953,-0.240000000000009,-0.0006000000000000001,0.953909069040173
2021-04-07,406.59,55836280,0.46999999999997005,0.0012000000000000001,0.9561703151311041
2021-04-08,408.52,57863114,1.930000000000006,0.0047,0.9654558575896071
2021-04-09,411.49,61104559,2.9700000000000273,0.0073,0.979745008419533
2021-04-12,411.64,56704899,0.149999999999977,0.0004,0.980466682703872
2021-04-13,412.86,56550988,1.220000000000027,0.003,0.9863363002165021
2021-04-14,411.45,61659907,-1.410000000000025,-0.0034000000000000002,0.9795525619437091
2021-04-15,415.87,60229842,4.420000000000016,0.010700000000000001,1.000817897522251
2021-04-16,417.26,82037278,1.389999999999986,0.0033,1.007505412557132
2021-04-19,415.21,78498496,-2.050000000000011,-0.0049,0.997642530671157
2021-04-20,412.17,81851828,-3.039999999999963,-0.0073,0.98301659850854
2021-04-21,416.07,66792983,3.8999999999999773,0.0095,1.001780129901371
2021-04-22,412.27,97582788,-3.800000000000011,-0.0091,0.9834977146980991
2021-04-23,416.74,73276195,4.470000000000027,0.0108,1.005003608371421
2021-04-26,417.61,52182392,0.8700000000000041,0.0021000000000000003,1.009189319220591
2021-04-27,417.52,51303056,-0.09000000000003101,-0.0002,1.008756314649987
2021-04-28,417.4,51238854,-0.120000000000004,-0.00030000000000000003,1.008178975222516
2021-04-29,420.06,78544329,2.660000000000025,0.0064,1.020976665864806
2021-04-30,417.3,85527030,-2.759999999999991,-0.0066,1.007697859032956
2021-05-03,418.2,68128289,0.899999999999977,0.0022,1.012027904738994
2021-05-04,415.62,101591166,-2.579999999999984,-0.006200000000000001,0.9996151070483521
2021-05-05,415.75,39960661,0.129999999999995,0.00030000000000000003,1.00024055809478
2021-05-06,419.07,74321368,3.319999999999993,0.008,1.016213615588164
2021-05-07,422.12,67733790,3.050000000000011,0.0073,1.030887659369737
2021-05-10,417.94,81852446,-4.180000000000007,-0.0099,1.010777002646139
2021-05-11,414.21,116887975,-3.730000000000018,-0.0089,0.9928313687755591
2021-05-12,405.41,134811046,-8.799999999999955,-0.0212,0.9504931440942991
2021-05-13,410.28,106393963,4.869999999999948,0.012,0.9739235025258591
2021-05-14,416.58,82201629,6.300000000000011,0.0154,1.004233822468126
2021-05-17,415.52,65129221,-1.060000000000002,-0.0025,0.9991339908587921
2021-05-18,411.94,59810238,-3.579999999999984,-0.0086,0.981910031272552
2021-05-19,410.86,106467052,-1.079999999999984,-0.0026000000000000003,0.9767139764253061
2021-05-20,415.28,78022218,4.419999999999959,0.0108,0.997979312003848
2021-05-21,414.94,76578662,-0.33999999999997504,-0.0008,0.9963435169593451
2021-05-24,419.17,51376702,4.230000000000018,0.0102,1.016694731777724
2021-05-25,418.24,57451396,-0.930000000000006,-0.0022,1.012220351214818
2021-05-26,419.07,43088618,0.8299999999999841,0.002,1.016213615588164
2021-05-27,419.29,56707677,0.220000000000027,0.0005,1.017272071205196
2021-05-28,420.04,58520164,0.75,0.0018000000000000002,1.020880442626894
2021-06-01,419.67,54216625,-0.37000000000000405,-0.0009000000000000001,1.019100312725523
2021-06-02,420.33,49097061,0.6599999999999681,0.0016,1.022275679576617
2021-06-03,418.77,58138763,-1.560000000000002,-0.0037,1.014770267019485
2021-06-04,422.6,55938789,3.830000000000041,0.0091,1.033197017079625
2021-06-07,422.19,51555032,-0.410000000000025,-0.001,1.031224440702429
2021-06-08,422.28,47134279,0.089999999999974,0.0002,1.031657445273033
2021-06-09,421.65,48436342,-0.629999999999995,-0.0015,1.028626413278806
2021-06-10,423.61,51020147,1.960000000000036,0.0046,1.038056290594178
2021-06-11,424.31,45570828,0.6999999999999881,0.0017000000000000001,1.041424103921097
2021-06-14,425.26,42358478,0.9499999999999881,0.0022,1.045994707721915
2021-06-15,424.48,51508508,-0.779999999999972,-0.0018000000000000002,1.042242001443348
2021-06-16,422.11,80386082,-2.370000000000004,-0.0056,1.030839547750782
2021-06-17,421.97,90949659,-0.13999999999998602,-0.00030000000000000003,1.030165985085398
